Date,Description,Link,EarningRelated
02/08/2023 08:00:00,Second Quarter 2023 Earnings Call,,1
14/06/2023 08:00:00,Annual Meeting of Stockholders,,0
09/05/2023 08:00:00,First Quarter 2023 Earnings Call,,1
01/03/2023 08:00:00,Fourth Quarter and Full Year 2022 Earnings Call,,1
14/11/2022 08:00:00,Third Quarter 2022 Earnings Call,,1
15/08/2022 08:00:00,Second Quarter 2022 Earnings Call,,1
14/06/2022 10:00:00,Annual Meeting of Stockholders,,0
16/05/2022 08:00:00,First Quarter 2022 Earnings Call,,1
23/03/2022 08:00:00,Fourth Quarter and Full Year 2021 Earnings Call,,1
15/11/2021 08:00:00,Third Quarter 2021 Earnings Call,,1
16/08/2021 08:00:00,Second Quarter 2021 Earnings Call,,1
