ZacksTicker,DNBLink
AMBP,business-directory/company-profiles.ardagh_metal_packaging_sa.54a59086f68ec124f54abab776898d56.html
ASML,business-directory/company-profiles.asml_netherlands_bv.0d38cf460e08ae3e0f641d11f855917d.html
ATMU,business-directory/company-profiles.atmus_filtration_technologies_inc.edef2f85352bfa491facf019cbe4eecb.html
BBD,business-directory/company-profiles.banco_bradesco_s-a.c04aa0db0e15affecc5e2765030eabde.html
BCH,business-directory/company-profiles.banco_de_chile.fc55751ea9a5d6d5255bacfdc00114e3.html
BNTX,business-directory/company-profiles.biontech_se.d223393a5430fd576ba9383170e05691.html
BOX,business-directory/company-profiles.box_inc.c9aca791a3d78e26059d2a735a9c2a66.html
BSAC,business-directory/company-profiles.banco_santander-chile.2fc8e78b2e20788a2dc45ded584d1a97.html
BSBR,business-directory/company-profiles.banco_santander_brasil_s-a.10f11fff456f37063e46d66213727280.html
BZ,business-directory/company-profiles.kanzhun_limited.c6677ada2135376a9f9132ae075babdf.html
CIG,business-directory/company-profiles.companhia_energ√©tica_de_minas_gerais_cemig.29c315bc38bf5cdfb80f662cb7b600a6.html
CL,business-directory/company-profiles.colgate-palmolive_company.b24181a2e614e508d4aef4a084b181e7.html
COLB,business-directory/company-profiles.columbia_banking_system_inc.8f0e74081d43dd293f03994321f84fff.html
CR,business-directory/company-profiles.crane_company.48c318092a780c2ac522e0d175bbcb89.html
CW,business-directory/company-profiles.curtiss-wright_corporation.525e1b269476fe5c4f4e4aae76bdd0ca.html
CXT,business-directory/company-profiles.crane_nxt_co.6c873649cc3e6ffa13a611e3d3b7e846.html
DNA,business-directory/company-profiles.ginkgo_bioworks_holdings_inc.043a876829cfc6f64d3c9b753ce82dc8.html
EBR,business-directory/company-profiles.centrais_eletricas_brasileiras_sa_-eletrobras_sucursal_urugu.2ccbcddc4e2f40415f584dcc234618c2.html
ENIC,business-directory/company-profiles.enel_chile_sa.609f4bf9d3fcc3a356d5d8aa1690103c.html
EVEX,business-directory/company-profiles.eve_holding_inc.ac7045681a4a8528c53ebdeb844c33e5.html
FFBC,business-directory/company-profiles.first_financial_bancorp.840cf8a28fa91922f69df18632a7181a.html
FNV,business-directory/company-profiles.franco-nevada_corporation.e569f56b20ebb2ee003fcab04191915c.html
FOXF,business-directory/company-profiles.fox_factory_holding_corp.12541b75ab2d68dccaabf9726023f4d6.html
FMC,business-directory/company-profiles.fmc_corporation.933dd18ab078c75cc5aa0a4d06cd746d.html
FRSH,business-directory/company-profiles.freshworks_inc.42d63cf701cc8e0891be9872c0fca6e3.html
FTAI,business-directory/company-profiles.ftai_aviation_ltd.2add5ee93fd6aaf39ec4842577183049.html
FTRE,business-directory/company-profiles.fortrea_holdings_inc.7194faec57a738aaa4a243a8f9c83627.html
FTV,business-directory/company-profiles.fortive_corporation.4bb64f9af3ba5bbbb468ab8c2a95427b.html
GGB,business-directory/company-profiles.gerdau_s-a.f87fc4684d3c03dbbb373dbdfee959f5.html
GLBE,business-directory/company-profiles.global-e_online_ltd.e2493f898776395809cf644ab09e93b7.html
HASI,business-directory/company-profiles.hannon_armstrong_sustainable_infrastructure_capital_inc.e96cd700a71c523b6f027c6ce6a0b2fa.html
IHS,business-directory/company-profiles.ihs_holding_limited.634ed4617153fd3c7b35f2a554797381.html
INVH,business-directory/company-profiles.invitation_homes_inc.b13cf07b91f67070451df206243a1d9f.html
IRTC,business-directory/company-profiles.irhythm_technologies_inc.51e3b0a417f23e7011acfe2a1031d590.html
IX,business-directory/company-profiles.orix_corporation.4a565f1cca926b0dfcdbd2b234b14183.html
J,business-directory/company-profiles.jacobs_solutions_inc.9dfc27bcfa13ca4268d329b17ab26700.html
K,business-directory/company-profiles.kellogg_company.c9be62f8a3cbd5775241fb11443de87d.html
KEP,business-directory/company-profiles.korea_electric_power_corporation.a1bb9e9bc4d93c56d03bf76d562d9842.html
KNF,business-directory/company-profiles.knife_river_corporation.65993686852b92dc76c8be5d1f9669da.html
KNTK,business-directory/company-profiles.kinetik_holdings_inc.ec6ef01d5679fc38db44dd322a1960a2.html
KVUE,business-directory/company-profiles.kenvue_inc.2d72c8c87252bb767af6fecca9976a62.html
LPX,company-profiles.louisiana-pacific_corporation.d715575a32c033fbf19fd00b63c393f8.html
MBLY,business-directory/company-profiles.mobileye_vision_technologies_ltd.73081183443c52f687a6c01752570101.html
MKC.V,business-directory/company-profiles.mccormick__company_incorporated.e045f697c1930234382c7be0b0243b1d.html
MLTX,business-directory/company-profiles.moonlake_immunotherapeutics_ag.1d852566fec9afa20b738e70d85e6463.html
MODG,business-directory/company-profiles.topgolf_callaway_brands_corp.d05be2c6ea06d8ed326cc430823b92ed.html
MSA,business-directory/company-profiles.msa_safety_incorporated.81e52e2dfb0922b7bc5efe919510adb8.html
MSGS,business-directory/company-profiles.madison_square_garden_sports_corp.4fa93c749d6d10c41c616a0e4d565daf.html
NABL,business-directory/company-profiles.n-able_inc.5585395e26dd5e8ec04ab40fc1fd7c18.html
NTES,business-directory/company-profiles.netease_inc.dbffd888f56439267d687f15e8269b87.html
NXE,business-directory/company-profiles.nexgen_energy_ltd.80c29b7e45a5de188398fef9a3081d91.html
OLK,business-directory/company-profiles.olink_holding_ab_(publ).1fa993789a5c8c5d57d6c30839a3f747.html
PAC,business-directory/company-profiles.grupo_aeroportuario_del_pacifico_sa_de_cv.ab57024d2fa50fd39cef124a66ddc0bc.html
PAGP,business-directory/company-profiles.plains_gp_holdings_lp.920ceff412ef912fa59a82c5d23e5465.html
PARA,business-directory/company-profiles.paramount_global.dbbd424548913fdf1ac29de63ceb03ea.html
PCH,business-directory/company-profiles.potlatchdeltic_corporation.cdfb211202377deccb452734119b91b3.html
PFSI,business-directory/company-profiles.pennymac_financial_services_inc.d43c1b618c07332035b6497586ec75c3.html
PHI,business-directory/company-profiles.pldt_inc.0a5636e52c7559bb765dead03bfa64ec.html
PM,business-directory/company-profiles.philip_morris_international_inc.85c14b495a44cb54cd400c4f76e4c159.html
PRMW,business-directory/company-profiles.primo_water_corporation.ca7cd1ddfda44c40bb1a31835eccf816.html
PROK,business-directory/company-profiles.prokidney_corp.0853062bf225dbf592c712a6e449ec10.html
PSO,business-directory/company-profiles.pearson_plc.4b52d7af58e056706706cabe0b2ec3cf.html
QRTEB,business-directory/company-profiles.qurate_retail_inc.ff5d8c862fbb1232e534baef3d3ea496.html
RITM,business-directory/company-profiles.rithm_capital_corp.495bd71ba788faddd9d8418204161b85.html
RVTY,business-directory/company-profiles.revvity_inc.236a45873a264616f5b3c12d6548505a.html
RYAN,business-directory/company-profiles.ryan_specialty_holdings_inc.1a6119041274af4250e0665a5116fb83.html
SBRA,business-directory/company-profiles.sabra_health_care_reit_inc.fb190fe3e255f22e3fd92055c7127891.html
SHG,business-directory/company-profiles.shinhan_financial_group_co_ltd.c0eb47a270dd0c95c2aab7764d18f330.html
SID,business-directory/company-profiles.companhia_siderurgica_nacional.182a7e1bc1dd54955dbef6d4b0d5d198.html
SIMO,business-directory/company-profiles.silicon_motion_technology_(hong_kong)_limited_taiwan_branch.d304380b3c4e681501f0dcdd80ee2946.html
SJM,business-directory/company-profiles.the_j_m_smucker_company.f5a5af4aec24f75cd2aff14531c2256b.html
SMG,business-directory/company-profiles.the_scotts_miracle-gro_company.7c5af405fe79bbe31e5b52a822d5d3b3.html
SNN,business-directory/company-profiles.smith__nephew_plc.06e1e998a29f456846f780b2c6c0fdaf.html
SPOT,business-directory/company-profiles.spotify_ab.8088480157ccac978181acda908e7898.html
ST,business-directory/company-profiles.sensata_technologies_inc.69747c0d0e6e0a9b576ab04754035183.html
STR,business-directory/company-profiles.sitio_royalties_corp.d69fd8345a9798bacd424878c8369e80.html
SVV,business-directory/company-profiles.savers_value_village_inc.fa53b7d816c3491362f69b49f57214ab.html
SYM,business-directory/company-profiles.symbotic_inc.ef68f0c8703c2419c630d4bb7f4e0c5d.html
TAL,business-directory/company-profiles.tal_education_group.07945f6a769cd66ad0bbda844cd50fc2.html
TCOM,business-directory/company-profiles.tripcom_group_limited.345e7d1d79cd103c1ea85512e6424f86.html
TIMB,business-directory/company-profiles.tim_sa.8c8e503730af93c4e1506cc32333ac10.html
TME,business-directory/company-profiles.tencent_music_entertainment_technology_(shenzhen)_co_ltd.9f81c6f7cd5d8f632028c79914fb2c51.html
TMUS,business-directory/company-profiles.t-mobile_us_inc.86207db06c288e70358385cb1bea8cf9.html
TWKS,business-directory/company-profiles.thoughtworks_holding_inc.88d6628292721f002a89f0659a8e5a4c.html
VAC,business-directory/company-profiles.marriott_vacations_worldwide_corporation.f2892113d9cc7746f6122a42500598fc.html
WAL,business-directory/company-profiles.western_alliance_bancorporation.3d3b5e5bd21c85ccc6b3805d62f673e2.html
WDFC,business-directory/company-profiles.wd-40_company.f110d7398de20d261c7337eeab982c62.html
WOOF,business-directory/company-profiles.petco_health_and_wellness_company_inc.e158f7066322d8d7c8f3c7295c84087b.html
WRB,business-directory/company-profiles.w_r_berkley_corporation.b85712e590ad7a240f013c768e42d126.html
XPEV,business-directory/company-profiles.xpeng_inc.307e02763cb99d7c49d8c93c12a5d861.html
XPRO,business-directory/company-profiles.expro_group_holdings_nv.b05af248fa095d5caa28af3ad8e6b35e.html
YNDX,business-directory/company-profiles.yandex_europe_bv.04e19e2114c29899204a2ec210b3df55.html
YY,business-directory/company-profiles.joyy_inc.2c91048ab71d91063cbd554ed0eb92a5.html
ZG,business-directory/company-profiles.zillow_group_inc.01fdfd5d4372145302fec7817d483eaa.html
ZTO,business-directory/company-profiles.zto_express_(cayman)_inc.ea5c1de29d238f459ddb987ff618e1e5.html
ZWS,business-directory/company-profiles.zurn_elkay_water_solutions_corporation.52b2742055be44d0b0d2b1b406ae2d8f.html