Date,Description,Link
21/07/2023 00:00:00,"LyondellBasell to Discuss Second Quarter Results on Friday, August 4, 2023",
20/07/2023 00:00:00,LyondellBasell Recognized as ESG Leader,
19/07/2023 00:00:00,LyondellBasell Acquires 50% Share in Dutch Recycling Company,
05/07/2023 00:00:00,LyondellBasell completes acquisition of Mepol Group,
29/06/2023 00:00:00,LyondellBasell Invests in Carbon Neutrality Venture Fund,
22/06/2023 00:00:00,Video: How can customers benefit from our circular and low carbon solutions business?,
16/06/2023 00:00:00,New Joint Venture to Boost Circularity of Secondary Plastic Packaging,
07/06/2023 00:00:00,"Yvonne Van Der Laan, ICIS News talk company progress in building circular, low carbon solutions business",
01/06/2023 00:00:00,"LyondellBasell to Address Deutsche Bank Global Industrials, Materials & Building Products Conference",
31/05/2023 00:00:00,LyondellBasell Announces Delay in Refining Business Exit,
30/05/2023 00:00:00,Alujain Corporation again selects Polypropylene technology from LyondellBasell,
19/05/2023 00:00:00,LyondellBasell Announces 5% Percent Increase to Quarterly Dividend,
17/05/2023 00:00:00,LyondellBasell Prices Public Offering of Inaugural Green Bond,
09/05/2023 00:00:00,"Infinity Recycling, Invest-NL and LyondellBasell invest in Pryme to accelerate the advanced recycling of plastic waste",
08/05/2023 00:00:00,LyondellBasell Introduces Green Financing Framework to Help Further Sustainability Goals,
03/05/2023 00:00:00,LyondellBasell to Address Goldman Sachs Industrials & Materials Conference,
28/04/2023 00:00:00,LyondellBasell Reports First Quarter 2023 Earnings,
28/04/2023 00:00:00,LyondellBasell and Veolia restructure their plastics recycling joint venture QCP,
25/04/2023 00:00:00,LyondellBasell Details Accelerated Momentum in 2022 Sustainability Report,
24/04/2023 00:00:00,LyondellBasell delivers renewable-based polymers for the medical device industry,
16/04/2023 00:00:00,LyondellBasell to Showcase Sustainable Everyday Living at Chinaplas 2023,
31/03/2023 00:00:00,Kyle Pierce Named 2023 Head of Diversity Honoree by the Houston Business Journal,
27/03/2023 00:00:00,LyondellBasell and EEW sign LOI for potential advanced waste sorting,
14/03/2023 00:00:00,LyondellBasell Commissions World's Largest PO/TBA Unit,
14/03/2023 00:00:00,LyondellBasell Launches New Company Strategy,
13/03/2023 00:00:00,LyondellBasell announces decision to acquire Mepol Group,
10/03/2023 00:00:00,LyondellBasell and Grenergy Sign Five 15-year Solar Power Purchase Agreements,
07/03/2023 00:00:00,"LyondellBasell to Host Capital Markets Day on March 14, 2023",
01/03/2023 00:00:00,Rose Luvaas of LyondellBasell Named 2023 Women MAKE Award Honoree,
24/02/2023 00:00:00,LyondellBasell Announces Quarterly Dividend,
08/02/2023 00:00:00,LyondellBasell and KIRKBI invest in APK to develop recycling technology,
07/02/2023 00:00:00,PetroChina again selects differentiated LyondellBasell Polyethylene (PE) technology,
03/02/2023 00:00:00,LyondellBasell Reports 2022 Earnings,
02/02/2023 00:00:00,LyondellBasell Quickly Advances Towards its 2030 Global Renewable Electricity Target,
20/01/2023 00:00:00,LyondellBasell Showcases Traditional and Sustainable Solutions at PlastIndia 2023,
20/01/2023 00:00:00,"LyondellBasell to Discuss Fourth Quarter Results on Friday, February 3, 2023",
16/01/2023 00:00:00,LyondellBasell Selects Executive Vice President of People and Culture,
16/12/2022 00:00:00,"LyondellBasell Increases Greenhouse Gas Emissions Reduction Targets, Includes Scope 3",
28/11/2022 00:00:00,LyondellBasell and Audi create first automotive plastic parts from mixed automotive plastic waste,
22/11/2022 00:00:00,LyondellBasell to Address Citi Basic Materials Conference,
18/11/2022 00:00:00,"LyondellBasell Makes Decision to Progress Advanced Recycling Plant in Wesseling, Germany",
18/11/2022 00:00:00,LyondellBasell Announces Quarterly Dividend,
17/11/2022 00:00:00,LyondellBasell Evaluates Propylene Expansion Project,
09/11/2022 00:00:00,CSPC again selected LyondellBasell’s Spherizone technology,
02/11/2022 00:00:00,LyondellBasell Spheripol technology selected by Stavian Quang Yen Petrochemical,
28/10/2022 00:00:00,LyondellBasell Reports Third Quarter 2022 Earnings,
20/10/2022 00:00:00,LyondellBasell and Shakti Plastic Industries Sign Memorandum of Understanding (MoU) to Advance Mechanical Recycling in India,
19/10/2022 00:00:00,"Air Liquide, Chevron, LyondellBasell, and Uniper to pursue lower carbon hydrogen and ammonia project along the U.S. Gulf Coast",
18/10/2022 00:00:00,"Cyclyx, ExxonMobil and LyondellBasell Advance First-of-its-Kind Plastic Processing Facility in Houston",
14/10/2022 00:00:00,"LyondellBasell to Discuss Third Quarter Results on Friday, October 28, 2022",
11/10/2022 00:00:00,LyondellBasell Forms Joint Venture to Build Plastic Waste Sorting and Recycling Facility and Plans to Build Advanced Recycling Plant,
10/10/2022 00:00:00,LyondellBasell and Genox Recycling Plan to Establish Plastics Recycling Joint Venture,
05/10/2022 00:00:00,LyondellBasell together with 4 value chain collaborators introduces a digital product passport solution prototype using blockchain technology,
04/10/2022 00:00:00,LyondellBasell Catalyst Production Expansion Adds Life to Infrastructure Projects,
30/09/2022 00:00:00,LyondellBasell acquires Colortech da Amazonia in Brazil,
27/09/2022 00:00:00,LyondellBasell Announces Organizational Changes,
22/09/2022 00:00:00,LyondellBasell licenses Lupotech T technology to Polski Koncern Naftowy ORLEN S.A.,
21/09/2022 00:00:00,"Sustainable Surface Protection – LyondellBasell, Granger and Novacel make it happen",
20/09/2022 00:00:00,LyondellBasell Named to the FTSE4Good Index,
12/09/2022 00:00:00,LyondellBasell licenses Lupotech T technology to Hanwha Solutions Corporation,
07/09/2022 00:00:00,LyondellBasell to Address Credit Suisse 35th Annual Specialties & Basics Conference,
30/08/2022 00:00:00,New CirculenRenew polymers for primary pharmaceutical packaging made by Röchling,
19/08/2022 00:00:00,LyondellBasell Announces Quarterly Dividend,
29/07/2022 00:00:00,LyondellBasell Reports Second Quarter 2022 Earnings,
28/07/2022 00:00:00,LyondellBasell Achieves Renewable Energy Milestone,
18/07/2022 00:00:00,LyondellBasell helps to close the loop on Polypropylene by joining NEXTLOOPP initiative,
15/07/2022 00:00:00,"LyondellBasell to Discuss Second Quarter Results on Friday, July 29, 2022",
29/06/2022 00:00:00,LyondellBasell Announces Renewable Energy Power Purchase Agreements,
21/06/2022 00:00:00,TSL designs a snowshoe based on LyondellBasell CirculenRecover polyamide,
14/06/2022 00:00:00,"LyondellBasell licenses Lupotech T technology to Levima Green Advanced Materials Co., Ltd.",
03/05/2022 00:00:00,LyondellBasell licenses Lupotech T technology to Jiangsu Hongjing New Material Co. Ltd.,
03/05/2022 00:00:00,LyondellBasell Russian Offices to Cease Operations,
02/05/2022 00:00:00,LyondellBasell to Address Wells Fargo Industrials Conference,
29/04/2022 00:00:00,LyondellBasell Reports First Quarter 2022 Earnings,
21/04/2022 00:00:00,LyondellBasell Announces Plans to Exit Refining Business,
15/04/2022 00:00:00,"LyondellBasell to Discuss First Quarter Results on Friday, April 29, 2022",
12/04/2022 00:00:00,LyondellBasell details path to 2030 in 2021 sustainability report,
08/04/2022 00:00:00,Zhejiang Petroleum & Chemical Co. Ltd. again selected LyondellBasell’s high pressure LDPE technology,
29/03/2022 00:00:00,Peter Vanacker to Assume Role as LyondellBasell CEO on May 23,
10/03/2022 00:00:00,LyondellBasell's Yarelis Hernandez named 2022 NAM STEP Ahead Honoree by the Manufacturing Institute,
08/03/2022 00:00:00,LyondellBasell to Address J.P. Morgan Industrials Conference,
25/02/2022 00:00:00,LyondellBasell Announces Quarterly Dividend,
23/02/2022 00:00:00,LyondellBasell to Address Bank of America Securities Global Agriculture and Materials Conference,
11/02/2022 00:00:00,LyondellBasell Invests in Infinity Recycling Venture Fund to Advance the Circular Economy,
03/02/2022 00:00:00,Greiner Packaging and LyondellBasell offer circular solution for coffee capsules,
02/02/2022 00:00:00,"LyondellBasell Named to FORTUNE Magazine's ""World's Most Admired Companies"" List for the Fifth Consecutive Year",
28/01/2022 00:00:00,LyondellBasell Reports 2021 Earnings,
15/01/2022 00:00:00,PT Polytama Propindo selected again LyondellBasell’s Spheripol technology,
14/01/2022 00:00:00,"LyondellBasell to Discuss Fourth Quarter Results on Friday, January 28, 2022",
11/01/2022 00:00:00,LyondellBasell’s Polybatch 73641 NIR Black obtains COTREP Certification,
13/12/2021 00:00:00,LyondellBasell Appoints Peter Vanacker as Chief Executive Officer,
02/12/2021 00:00:00,LyondellBasell announces pricing terms for its tender offers,
02/12/2021 00:00:00,LyondellBasell announces early participation results and accepted amounts for its tender offers,
24/11/2021 00:00:00,LyondellBasell to Address Citi 2021 Basic Materials Virtual Conference,
17/11/2021 00:00:00,LyondellBasell announces tender offers for five series of notes,
04/11/2021 00:00:00,"LyondellBasell to Address Morgan Stanley Global Chemicals, Agriculture and Packaging Conference",
02/11/2021 00:00:00,"Lianyungang Petrochemical Co., Ltd. selected again LyondellBasell’s Hostalen ACP technology",
29/10/2021 00:00:00,LyondellBasell Reports Third Quarter 2021 Earnings,
25/10/2021 00:00:00,LyondellBasell and Covestro project converts water-based waste to energy,
20/10/2021 00:00:00,"Wendy's, Berry Global, LyondellBasell Collaborate to Improve Cup Recyclability; Introduce New, Industry-Leading Clear Drink Cup",
19/10/2021 00:00:00,LyondellBasell offers CirculenRenew with measured and certified C14 content worldwide -  Polypropylene (PP) and polyethylene (PE) with certified renewable content,
15/10/2021 00:00:00,"LyondellBasell to Discuss Third-Quarter Results on Friday, October 29, 2021",
11/10/2021 00:00:00,LyondellBasell extends Circulen Suite of Sustainable Solutions  to its Advanced Polymer Solutions Segment,
29/09/2021 00:00:00,LyondellBasell Announces Goal of Achieving Net Zero Emissions by 2050,
28/09/2021 00:00:00,"Jinneng Chemical (Qingdao) Co., Ltd. selected LyondellBasell technology again",
28/09/2021 00:00:00,LyondellBasell and Evonik expand energy alliance,
20/09/2021 00:00:00,LyondellBasell Volunteers Focus Global Care Day Activities on Sustainability,
09/09/2021 00:00:00,LyondellBasell gains ISCC PLUS certification to extend Circulen product line to North America,
25/08/2021 00:00:00,LyondellBasell Announces Retirement of Chief Executive Officer,
20/08/2021 00:00:00,LyondellBasell Announces Quarterly Dividend,
30/07/2021 00:00:00,LyondellBasell Reports Second Quarter 2021 Earnings,
27/07/2021 00:00:00,Jiangsu Sailboat Petrochemical Co. Ltd. again selected LyondellBasell’s Lupotech T technology,
26/07/2021 00:00:00,LyondellBasell Donates 250.000 Euros to the German Red Cross in Support of Flood Relief Efforts,
20/07/2021 00:00:00,"With LyondellBasell CirculenRenew polymers, CORINE DE FARME innovates with renewable-based bottles, produced in Europe",
16/07/2021 00:00:00,"LyondellBasell to Discuss Second-Quarter Results on Friday, July 30, 2021",
01/07/2021 00:00:00,LyondellBasell’s Spheripol and Hostalen technology selected for Jiangsu Fenghai complex in China,
30/06/2021 00:00:00,LyondellBasell announces acquisition of PolyPacific Polymers Sdn. Bhd. in Malaysia,
17/06/2021 00:00:00,LyondellBasell and Neste agree on long-term commercial relationship to make polymers and chemicals from renewable feedstock more widely available to global brands,
08/06/2021 00:00:00,LyondellBasell Announces Startup of 400 KTA / year South Korean Joint Venture Facility,
08/06/2021 00:00:00,LyondellBasell releases 2020 sustainability report,
28/05/2021 00:00:00,LyondellBasell Announces 7.6 Percent Increase to Quarterly Dividend,
25/05/2021 00:00:00,"LyondellBasell’s Spheripol technology selected for Baofeng’s 2,000 KTA polypropylene project",
06/05/2021 00:00:00,LyondellBasell starts commercial production of polymers using raw material derived from plastic waste,
06/05/2021 00:00:00,LyondellBasell to Address Goldman Sachs Industrials and Materials Conference,
30/04/2021 00:00:00,LyondellBasell Reports First Quarter 2021 Earnings,
28/04/2021 00:00:00,LyondellBasell licenses Lupotech T technology to Shandong Yulong Petrochemical Co. Ltd.,
22/04/2021 00:00:00,SUEZ and LyondellBasell extend their collaboration with Samsonite to produce a new range of suitcases using recycled plastics,
16/04/2021 00:00:00,"LyondellBasell to Discuss First-Quarter Results on Friday, April 30, 2021",
12/04/2021 00:00:00,LyondellBasell Launches Family of Circulen Products to Advance Circular Solutions,
02/04/2021 00:00:00,LyondellBasell Nominates Anthony Chase and Robert Dudley to Serve as Directors,
30/03/2021 00:00:00,"LyondellBasell licensed proprietary polyolefin technology to Ningxia Baofeng Energy Group Co., Ltd.",
02/03/2021 00:00:00,LyondellBasell to Address 2021 JP Morgan Industrials Conference,
26/02/2021 00:00:00,LyondellBasell Announces Quarterly Dividend,
01/02/2021 00:00:00,"LyondellBasell Named to FORTUNE Magazine's ""World's Most Admired Companies"" List for the Fourth Year in a Row",
29/01/2021 00:00:00,LyondellBasell Reports 2020 Earnings,
15/01/2021 00:00:00,"LyondellBasell to Discuss Fourth-Quarter Results on Friday, January 29, 2021",
15/12/2020 00:00:00,SIBUR Holding PJSC selected LyondellBasell Technology for its Amur Gas Chemical Complex in Far East Russia,
15/12/2020 00:00:00,LyondellBasell advances additive manufacturing with Beon3D polypropylene compounds,
10/12/2020 00:00:00,LyondellBasell joins the United Nations Global Compact,
07/12/2020 00:00:00,LyondellBasell and SUEZ increase plastics recycling capacity,
02/12/2020 00:00:00,"Kaijin Blue Sky Energy (Zhejiang) Co., Ltd. selected LyondellBasell’s Spheripol and Spherizone technology",
02/12/2020 00:00:00,"LyondellBasell named to Newsweek Magazine's list of ""America's Most Responsible Companies""",
02/12/2020 00:00:00,LyondellBasell and Sasol Complete Louisiana Joint Venture Transaction,
24/11/2020 00:00:00,LyondellBasell supports sustained need for face masks by launching the first European MFR 1500 grade,
23/11/2020 00:00:00,LyondellBasell to Address Citi's 2020 Basic Materials Virtual Conference,
20/11/2020 00:00:00,LyondellBasell Announces Quarterly Dividend,
05/11/2020 00:00:00,"LyondellBasell, REHAU, TU Chemnitz and Eschmann Textures join forces to advance sustainable mobility",
30/10/2020 00:00:00,LyondellBasell Reports Third Quarter 2020 Earnings,
19/10/2020 00:00:00,LyondellBasell Hosts Annual Global Care Day Supporting Food Security,
06/10/2020 00:00:00,LyondellBasell Prices Public Offering of Guaranteed Notes,
02/10/2020 00:00:00,"LyondellBasell to Discuss Announcement of Integrated Polyethylene Joint Venture with Sasol on Friday, October 2, 2020",
02/10/2020 00:00:00,LyondellBasell and Sasol form Integrated Polyethylene Joint Venture,
28/09/2020 00:00:00,LyondellBasell Sustainability Report Sets Ambitious Plastic Waste Targets,
08/09/2020 00:00:00,LyondellBasell Successfully Starts Up New Pilot Molecular Recycling Facility,
01/09/2020 00:00:00,LyondellBasell and Bora Start-up New Joint Venture Facility,
24/08/2020 00:00:00,Duqm Refinery and Petrochemical Industries Company LLC selects LyondellBasell’s Hostalen ACP and Spheripol technology,
21/08/2020 00:00:00,LyondellBasell Announces Quarterly Dividend,
31/07/2020 00:00:00,LyondellBasell Reports Second Quarter 2020 Earnings,
21/07/2020 00:00:00,LyondellBasell’s Spheripol technology selected for Quanzhou Grand Pacific Chemical Co. Ltd. polypropylene plant,
17/07/2020 00:00:00,"LyondellBasell to Discuss Second-Quarter Results on Friday, July 31, 2020",
16/06/2020 00:00:00,Indian Oil Corporation Ltd. selects LyondellBasell’s Spheripol technology,
29/05/2020 00:00:00,LyondellBasell Announces Quarterly Dividend,
12/05/2020 00:00:00,LyondellBasell to Address Goldman Sachs Industrials & Materials Virtual Conference,
01/05/2020 00:00:00,LyondellBasell Reports First Quarter 2020 Earnings,
17/04/2020 00:00:00,"LyondellBasell to Discuss First-Quarter Results on Friday, May 1, 2020",
15/04/2020 00:00:00,LyondellBasell Prices Public Offering of Guaranteed Notes,
15/04/2020 00:00:00,LyondellBasell Provides Estimated First Quarter 2020 Financial Results and Operational Update,
14/04/2020 00:00:00,LyondellBasell Donates $1.3 Million to Combat Hunger During COVID-19 Pandemic,
30/03/2020 00:00:00,LyondellBasell to Slow Construction on PO/TBA Project,
09/03/2020 00:00:00,"UPDATE: LyondellBasell to Address J.P. Morgan Industrials Conference, Cancellation of Webcast",
04/03/2020 00:00:00,"LyondellBasell’s Spheripol technology again selected by Hyosung Vina Chemicals Co., Ltd.",
04/03/2020 00:00:00,LyondellBasell to Address J.P. Morgan Industrials Conference,
21/02/2020 00:00:00,LyondellBasell’s PO/TBA project installs major pieces of process equipment,
21/02/2020 00:00:00,LyondellBasell Announces Quarterly Dividend,
31/01/2020 00:00:00,LyondellBasell Reports 2019 Earnings,
21/01/2020 00:00:00,"LyondellBasell Named to Fortune Magazine's ""World's Most Admired Companies"" List for Third Consecutive Year",
17/01/2020 00:00:00,"LyondellBasell to Discuss Fourth-Quarter Results on Friday, January 31, 2020",
07/01/2020 00:00:00,"LyondellBasell grants 400 KTA Hostalen ACP License to Shandong Jinhai Chemical Co.,Ltd.",
24/12/2019 00:00:00,LyondellBasell and Sinopec announce joint venture to manufacture propylene oxide and styrene monomer in China,
03/12/2019 00:00:00,LyondellBasell technology selected for polyolefin plant in Turkey,
26/11/2019 00:00:00,LyondellBasell to Address Citi 2019 Basic Materials Conference,
22/11/2019 00:00:00,LyondellBasell Announces Quarterly Dividend,
06/11/2019 00:00:00,"LyondellBasell to Address Morgan Stanley Global Chemicals, Agriculture and Packaging Conference",
01/11/2019 00:00:00,LyondellBasell Reports Third Quarter 2019 Earnings,
22/10/2019 00:00:00,Ulsan PP breaks ground on new polypropylene facility in South Korea,
18/10/2019 00:00:00,"LyondellBasell to Discuss Third-Quarter Results on Friday, November 1, 2019",
15/10/2019 00:00:00,LyondellBasell Announces Construction of New Small-Scale Molecular Recycling Facility,
14/10/2019 00:00:00,LyondellBasell Names Michael McMurray Executive Vice President and Chief Financial Officer,
08/10/2019 00:00:00,"Shandong Chambroad Sinopoly New Materials Co., Ltd selected LyondellBasell’s Spheripol and Spherizone technology",
26/09/2019 00:00:00,LyondellBasell Prices Public Offering of Guaranteed Notes,
26/09/2019 00:00:00,LyondellBasell Volunteers Turn Out in Full Force for 20th Annual Global Care Day,
17/09/2019 00:00:00,"LyondellBasell to Host Investor Day 2019 on September 24, 2019",
11/09/2019 00:00:00,LyondellBasell Grants Spherizone and Hostalen ACP Licenses to Sinopec,
10/09/2019 00:00:00,LyondellBasell Prices Public Offering of Guaranteed Notes,
23/08/2019 00:00:00,LyondellBasell Announces Quarterly Dividend,
02/08/2019 00:00:00,LyondellBasell Reports Second Quarter 2019 Earnings,
19/07/2019 00:00:00,"LyondellBasell to Discuss Second-Quarter Results on Friday, August 2, 2019",
12/07/2019 00:00:00,LyondellBasell Announces Final Results of Modified Dutch Auction Tender Offer,
09/07/2019 00:00:00,LyondellBasell Announces Preliminary Results of Modified Dutch Auction Tender Offer,
08/07/2019 00:00:00,"LyondellBasell Announces Final Daily VWAP and Final Price Cap of Tender Offer to Purchase Up to 37,000,000 of Its Shares",
03/07/2019 00:00:00,"LyondellBasell names Ken Lane executive vice president, Global Olefins & Polyolefins",
26/06/2019 00:00:00,LyondellBasell Advances Crop Protection with New Hostalen High Density Polyethylene Grade,
26/06/2019 00:00:00,LyondellBasell Joint Venture HMC Polymers expands production in Thailand,
26/06/2019 00:00:00,LyondellBasell Announces Guidance for Second Quarter 2019 Financial Results,
18/06/2019 00:00:00,LyondellBasell and Neste announce commercial-scale production of bio-based plastic from renewable materials,
04/06/2019 00:00:00,LyondellBasell and Odebrecht S.A. End Discussions Regarding Braskem Acquisition,
31/05/2019 00:00:00,LyondellBasell Announces Leadership Changes,
31/05/2019 00:00:00,LyondellBasell Announces Increase to Quarterly Dividend and Shareholder Approval of Share Repurchase Program,
08/05/2019 00:00:00,LyondellBasell to Address Goldman Sachs Industrials & Materials Conference,
01/05/2019 00:00:00,LyondellBasell sites honored for safety by American Fuel and Petrochemical Manufacturers Association,
26/04/2019 00:00:00,LyondellBasell Reports First Quarter 2019 Earnings,
19/04/2019 00:00:00,LyondellBasell and SUEZ Collaborate with Samsonite to Create Recycled Plastic Suitcase Collection,
16/04/2019 00:00:00,LyondellBasell grants 1100KTA Hostalen ACP Licensed Capacity to PetroChina,
16/04/2019 00:00:00,LyondellBasell's Bayport Complex Propylene Oxide Plant Turns 50,
12/04/2019 00:00:00,"LyondellBasell to Discuss First-Quarter Results on Friday, April 26, 2019",
19/03/2019 00:00:00,"LyondellBasell grants Hostalen ACP License to Lianyungang Petrochemical Co., Ltd.",
28/02/2019 00:00:00,"LyondellBasell to Address JP Morgan Aviation, Transportation & Industrials Conference",
22/02/2019 00:00:00,LyondellBasell Announces Quarterly Dividend,
13/02/2019 00:00:00,"HPCL-Mittal Energy Limited selects LyondellBasell’s Spheripol technology for its new 500 KT per year polypropylene plant in Bathinda, India",
01/02/2019 00:00:00,LyondellBasell Reports 2018 Earnings,
23/01/2019 00:00:00,LyondellBasell grants Lupotech T License to Xinjiang Tianli Gaoxin Petrochemical Company Limited,
22/01/2019 00:00:00,"LyondellBasell named to Fortune Magazine's ""World's Most Admired Companies"" list for the second consecutive year",
18/01/2019 00:00:00,"LyondellBasell to Discuss Fourth-Quarter Results on Friday, February 1, 2019",
16/01/2019 00:00:00,LyondellBasell takes leadership role in global effort to end plastic waste,
04/01/2019 00:00:00,"A. Schulman, Inc., a LyondellBasell Subsidiary, Announces Convertible Special Stock Dividend",
05/12/2018 00:00:00,LyondellBasell grants Spherizone License to China Petroleum Materials Limited Corporation and Petrochina Liaoyang Petrochemical Company,
30/11/2018 00:00:00,LyondellBasell Announces Quarterly Dividend and Board Appointment,
13/11/2018 00:00:00,LyondellBasell to Address Citi Basic Materials Conference,
07/11/2018 00:00:00,"LyondellBasell Licenses Hostalen ACP technology to China Petrochemical International Co., Ltd and Sinopec-SK (Wuhan) Petrochemical Company Ltd",
26/10/2018 00:00:00,LyondellBasell CEO Bob Patel appointed president of International Council of Chemical Associations,
17/10/2018 00:00:00,"Spheripol and Hostalen ACP technologies selected by Wanhua Chemical Group Co., Ltd",
16/10/2018 00:00:00,"LyondellBasell to Discuss Third-Quarter Results on Tuesday, October 30, 2018",
11/10/2018 00:00:00,LyondellBasell advances the storage of medicine and healthcare articles at low temperatures with the New Purell Copolymer,
10/10/2018 00:00:00,LyondellBasell Grants Spheripol License to a JV between PolyMirae and SK Advanced,
04/10/2018 00:00:00,"A. Schulman Inc., a LyondellBasell Subsidiary, Announces Convertible Special Stock Dividend",
11/09/2018 00:00:00,Service Projects Around the World Expand LyondellBasell's Community Relations Reach,
04/09/2018 00:00:00,LyondellBasell and Covestro kick-off Circular Steam Project in Maasvlakte,
30/08/2018 00:00:00,"Shandong Chambroad Petrochemicals Co. Ltd., selects LyondellBasell Hostalen ACP PE Technology",
30/08/2018 00:00:00,LyondellBasell to Address Credit Suisse 31st Annual Basic Materials Conference,
22/08/2018 00:00:00,LyondellBasell Begins Construction of the World's Largest PO/TBA Plant,
22/08/2018 00:00:00,LyondellBasell Announces Quarterly Dividend,
21/08/2018 00:00:00,"LyondellBasell Completes Acquisition of A. Schulman, Inc.",
31/07/2018 00:00:00,"LyondellBasell Grants Spheripol License to Qingdao Jinneng New Material Co., Ltd.",
26/07/2018 00:00:00,LyondellBasell advances chemical recycling by signing agreement with the Karlsruhe Institute of Technology,
25/07/2018 00:00:00,LyondellBasell to Address Jefferies 2018 Global Industrials Conference,
25/07/2018 00:00:00,"LyondellBasell names James Guilfoyle Executive Vice President, Advanced Polymer Solutions and Global Supply Chain",
24/07/2018 00:00:00,LyondellBasell Announces Board Leadership Succession,
20/07/2018 00:00:00,"LyondellBasell to Discuss Second-Quarter Results on Friday, August 3, 2018",
09/07/2018 00:00:00,LyondellBasell Grants Spheripol and Lupotech T Licenses to PT Chandra Asri Perkasa Tbk,
27/06/2018 00:00:00,LyondellBasell Receives EU Antitrust Clearance for Acquisition of A. Schulman,
25/06/2018 00:00:00,Hyosung Vietnam Corp. Ltd.  selects LyondellBasell’s Spheripol technology for its new 300 KT per year polypropylene plant in Vietnam,
25/06/2018 00:00:00,"PolyMirae, a LyondellBasell joint venture, to expand its polypropylene capacity by 400,000 tons/year in South Korea",
15/06/2018 00:00:00,LyondellBasell and Odebrecht S.A. Enter Into Exclusive Discussions Concerning Braskem,
01/06/2018 00:00:00,LyondellBasell Announces Quarterly Dividend and Shareholder Approval of New Share Repurchase Program,
24/05/2018 00:00:00,Fujian Zhongjing Petrochemical Selects LyondellBasell Spheripol PP Technology for 1.200 KTA China project,
23/05/2018 00:00:00,LyondellBasell Executive Vice President and Chief Legal Officer Jeffrey A. Kaplan honored with 'Legend in Law' award,
22/05/2018 00:00:00,LyondellBasell Receives Chinese Antitrust Clearance for Acquisition of A. Schulman,
21/05/2018 00:00:00,LyondellBasell Bayport Complex Receives Prestigious Safety Award,
02/05/2018 00:00:00,LyondellBasell to Address Barclays Americas Select Franchise Conference,
01/05/2018 00:00:00,LyondellBasell Clinton Complex Celebrates 50 Years of Operation,
27/04/2018 00:00:00,LyondellBasell Reports First Quarter 2018 Earnings,
24/04/2018 00:00:00,LyondellBasell to Address Wells Fargo Industrials Conference,
13/04/2018 00:00:00,"LyondellBasell to Discuss First-Quarter Results on Friday, April 27, 2018",
03/04/2018 00:00:00,LyondellBasell Among Top Corporate Donors to United Way of Greater Houston for 2017 Campaign,
22/03/2018 00:00:00,LyondellBasell's Houston Refinery Marks 100th Anniversary,
21/03/2018 00:00:00,LyondellBasell Receives U.S. Antitrust Clearance for Acquisition of A. Schulman,
16/03/2018 00:00:00,LyondellBasell Helps India Food Bank Leaders Fight Hunger,
15/03/2018 00:00:00,LyondellBasell Presents Advanced Surfaces at the Plastics in Automotive Engineering Conference,
15/03/2018 00:00:00,"LyondellBasell and the Astros Foundation Complete Enhancements to Four Youth Softball Fields in La Porte, Texas",
14/03/2018 00:00:00,LyondellBasell and SUEZ Begin Jointly Operating Plastics Recycling Venture,
13/03/2018 00:00:00,LyondellBasell Supports Elementary School in Region Recovering from Hurricane Devastation,
08/03/2018 00:00:00,"LyondellBasell to Address J.P. Morgan Aviation, Transportation & Industrials Conference",
23/02/2018 00:00:00,LyondellBasell Announces Increase to Quarterly Dividend,
21/02/2018 00:00:00,Dongming Hengchang Petrochemical Company Selects LyondellBasell’s Spheripol PP Technology for Chinese Project,
15/02/2018 00:00:00,"LyondellBasell Announces Entry into a Definitive Agreement to Acquire A. Schulman, Inc.",
12/02/2018 00:00:00,LyondellBasell Advances Safety for Patients with New Purell Random Copolymer,
24/01/2018 00:00:00,LyondellBasell’s James Seward elected chairman of the World Plastics Council,
22/01/2018 00:00:00,"LyondellBasell named to Fortune Magazine's ""World's Most Admired Companies"" list for the first time",
19/01/2018 00:00:00,"LyondellBasell to Discuss Fourth-Quarter Results on Friday, February 2, 2018",
11/01/2018 00:00:00,LyondellBasell Safety Experts Host Global Faculty Workshop to Teach the Teachers About Process Safety,
10/01/2018 00:00:00,LyondellBasell’s Richard Roudeix named chairman of Cefic’s Climate Change and Energy Programme Council,
07/12/2017 00:00:00,LyondellBasell Honored by American Institute of Chemical Engineers,
27/11/2017 00:00:00,LyondellBasell and SUEZ Purchase European Plastics Recycling Company,
21/11/2017 00:00:00,LyondellBasell to Address Citi Basic Materials Conference,
15/11/2017 00:00:00,LyondellBasell Board Authorizes Quarterly Dividend,
27/10/2017 00:00:00,LyondellBasell Reports Third Quarter 2017 Earnings,
23/10/2017 00:00:00,Darleen Caron named Executive Vice President and Chief Human Resources Officer of LyondellBasell,
13/10/2017 00:00:00,"LyondellBasell to Discuss Third-Quarter Results on Friday, October 27, 2017",
27/09/2017 00:00:00,LyondellBasell Introduces New Brand Identity,
21/09/2017 00:00:00,"LyondellBasell receives European Innovation Award from Plastics Europe for a smart polymer with ""self-healing"" properties",
21/09/2017 00:00:00,"LyondellBasell Begins Production at New PP Compounding Plant in Dalian, China",
19/09/2017 00:00:00,LyondellBasell Advances Versatility and Convenience with New Moplen Heterophasic Copolymer for Cast Film Applications,
03/09/2017 00:00:00,LyondellBasell Provides Needed Equipment to Hurricane Harvey Emergency Responders and Recovery Teams,
02/09/2017 00:00:00,LyondellBasell's Houston Refinery Donates Food to Families in Crisis in Wake of Hurricane Harvey,
30/08/2017 00:00:00,LyondellBasell Supports Tropical Storm Relief Efforts in Lake Charles with Food Donation,
23/08/2017 00:00:00,LyondellBasell Board Authorizes Quarterly Dividend,
22/08/2017 00:00:00,"Hostalen ACP PE Technology license granted to Shandong Shouguang Luqing Co., Ltd",
03/08/2017 00:00:00,LyondellBasell to Address Jefferies Industrials Conference,
28/07/2017 00:00:00,LyondellBasell Reports Second Quarter 2017 Earnings,
21/07/2017 00:00:00,LyondellBasell to Build the World's Largest PO/TBA Plant in Texas,
20/07/2017 00:00:00,Liaoning Bora Petrochemical Company Selects LyondellBasell’s World-Class PP and HDPE Technologies for Chinese Petrochemical Complex,
14/07/2017 00:00:00,"LyondellBasell to Discuss Second-Quarter Results on Friday, July 28, 2017",
12/07/2017 00:00:00,"LyondellBasell Grants Spherizone and Lupotech T Licenses to Shaanxi Coal Yulin Energy and Chemical Co., Ltd for China Project",
03/07/2017 00:00:00,LyondellBasell to Provide Specialized Training to Cologne Firefighters,
24/05/2017 00:00:00,LyondellBasell Announces Increase to Quarterly Dividend and Shareholder Approval of New Share Repurchase Program,
23/05/2017 00:00:00,LyondellBasell to Address Bernstein 33rd Annual Strategic Decisions Conference,
22/05/2017 00:00:00,LyondellBasell Receives Five Top Safety Awards,
15/05/2017 00:00:00,LyondellBasell Begins Construction of Hyperzone PE Plant at its La Porte Complex,
03/05/2017 00:00:00,LyondellBasell Among Top Donors to United Way of Greater Houston Campaign for 2016,
28/04/2017 00:00:00,LyondellBasell Reports First-Quarter 2017 Earnings,
14/04/2017 00:00:00,"LyondellBasell to Discuss First-Quarter Results on Friday, April 28, 2017",
12/04/2017 00:00:00,Hengli Petrochemical (Dalian) Chemical Company selects LyondellBasell Hostalen ACP PE Technology for 400 KTA China project,
03/04/2017 00:00:00,LyondellBasell Joins the Astros Foundation Community Leaders Program,
29/03/2017 00:00:00,LyondellBasell Holds Industry Events Building Tomorrow’s Flexible Packaging Solutions,
29/03/2017 00:00:00,"LyondellBasell to Host Investor Day 2017 on April 5, 2017",
13/03/2017 00:00:00,Shandong Yuhuang Shengshi Chemical selects LyondellBasell Hostalen ACP PE Technology for 200  KTA China project,
10/03/2017 00:00:00,LyondellBasell Honored by Junior Achievement with US President's Volunteer Service Award,
21/02/2017 00:00:00,LyondellBasell Prices Public Offering of Guaranteed Notes,
17/02/2017 00:00:00,LyondellBasell Board Authorizes Interim Dividend,
20/01/2017 00:00:00,"LyondellBasell to Discuss Fourth-Quarter Results on Friday, February 3, 2017",
19/01/2017 00:00:00,LyondellBasell Corpus Christi Complex Expansion Complete,
18/01/2017 00:00:00,LyondellBasell announces planned leadership changes,
13/01/2017 00:00:00,LyondellBasell Donation to Provide Specialized Training for Six Houston-Area Fire Departments,
11/01/2017 00:00:00,PETRONAS Selects LyondellBasell Hostalen ACP PE Technology for 400 KTA Malaysia project,
18/11/2016 00:00:00,LyondellBasell Board Authorizes Interim Dividend,
17/11/2016 00:00:00,LyondellBasell to Address Citi's Basic Materials Conference,
02/11/2016 00:00:00,LyondellBasell to Address Morgan Stanley Global Chemicals and Agriculture Conference,
01/11/2016 00:00:00,LyondellBasell Reports Third-Quarter 2016 Earnings,
17/10/2016 00:00:00,"LyondellBasell to Discuss Third-Quarter Results on Tuesday, November 1, 2016",
01/09/2016 00:00:00,LyondellBasell Announces New High Stiffness Polypropylene Grade for Metallized BOPP Film Applications,
31/08/2016 00:00:00,LyondellBasell to Address Credit Suisse Basic Materials Conference,
29/08/2016 00:00:00,LyondellBasell to Address RBC Capital Markets' Industrial Conference,
29/07/2016 00:00:00,LyondellBasell to Build High Density Polyethylene Plant on U.S. Gulf Coast,
29/07/2016 00:00:00,LyondellBasell Reports Second-Quarter 2016 Earnings,
27/07/2016 00:00:00,LyondellBasell to Address Jefferies Industrials Conference,
22/07/2016 00:00:00,LyondellBasell Board Authorizes Interim Dividend,
15/07/2016 00:00:00,"LyondellBasell to Discuss Second-Quarter Results on Friday, July 29, 2016",
31/05/2016 00:00:00,LyondellBasell to Address Deutsche Bank Global Industrials and Materials Summit,
30/05/2016 00:00:00,YPFB Selects LyondellBasell Spheripol  PP Technology for 250 KTA Bolivian Project,
17/05/2016 00:00:00,LyondellBasell to Address the Bernstein 32nd Annual Strategic Decisions Conference,
09/05/2016 00:00:00,LyondellBasell Receives National MS Society Circle of Distinction Award,
02/05/2016 00:00:00,LyondellBasell to Address Goldman Sachs Basic Materials Conference,
29/04/2016 00:00:00,LyondellBasell to Address Wells Fargo Securities Industrial and Construction Conference,
27/04/2016 00:00:00,LyondellBasell Announces Planned Departure of Sergey Vasnetsov,
22/04/2016 00:00:00,LyondellBasell Reports First-Quarter 2016 Earnings,
12/04/2016 00:00:00,"LyondellBasell to Discuss First-Quarter Results on Friday, April 22, 2016",
07/04/2016 00:00:00,LyondellBasell Completes Second Polypropylene Compounds Acquisition in India,
23/03/2016 00:00:00,LyondellBasell Among the Top United Way of Greater Houston Campaigns for 2015,
11/03/2016 00:00:00,LyondellBasell Honored by Junior Achievement with the US President's Volunteer Service Award,
24/02/2016 00:00:00,"LyondellBasell to Address J.P. Morgan Aviation, Transportation & Industrials Conference",
17/02/2016 00:00:00,LyondellBasell to Address Bank of America Global Agriculture & Chemicals Conference,
17/02/2016 00:00:00,LyondellBasell Board Authorizes Interim Dividend,
10/02/2016 00:00:00,LyondellBasell Expands Its Purell Portfolio for Healthcare Applications with Two New Polypropylene Grades,
05/02/2016 00:00:00,LyondellBasell Sells Argentina-based Petroken to Grupo Inversor Petroquímica S.L.,
02/02/2016 00:00:00,LyondellBasell Reports Record 2015 Earnings,
19/01/2016 00:00:00,"LyondellBasell to Discuss Fourth-Quarter Results on Tuesday, Feb. 2, 2016",
14/01/2016 00:00:00,LyondellBasell Announces Executive Leadership Changes,
18/12/2015 00:00:00,"LyondellBasell Holiday Donation Fulfills Local First Responder ""Wish Lists""",
14/12/2015 00:00:00,LyondellBasell Showcases Career Options at JA Inspire,
11/12/2015 00:00:00,LyondellBasell Announces the Successful Completion of Its Noteholder Consent Solicitations,
01/12/2015 00:00:00,LyondellBasell Announces The Commencement Of Noteholder Consent Solicitations,
30/11/2015 00:00:00,LyondellBasell Announces Definitive Agreement to Acquire PP Compounding Business of Zylog Plastalloys Pvt. Ltd.,
19/11/2015 00:00:00,LyondellBasell Developing World's Largest PO/TBA Plant,
18/11/2015 00:00:00,LyondellBasell to address Citi Basic Materials Conference,
06/11/2015 00:00:00,LyondellBasell Names Thomas Aebischer Executive Vice President and Chief Financial Officer,
05/11/2015 00:00:00,LyondellBasell Board Authorizes Interim Dividend,
27/10/2015 00:00:00,LyondellBasell to address Morgan Stanley Global Chemicals and Agriculture Conference,
23/10/2015 00:00:00,LyondellBasell Reports Record Quarterly Results,
13/10/2015 00:00:00,"LyondellBasell to Discuss Third-Quarter Results on Friday, Oct. 23, 2015",
16/09/2015 00:00:00,LyondellBasell Celebrates 16th Anniversary of Global Care Day,
02/09/2015 00:00:00,LyondellBasell to address Credit Suisse 28th Annual Basic Materials Conference,
01/09/2015 00:00:00,LyondellBasell Announces New Moplen Grades for Thin-Walled Injection Molding,
27/08/2015 00:00:00,LyondellBasell to address RBC Capital Markets' Global Industrials Conference,
27/08/2015 00:00:00,LyondellBasell to address UBS Best of Americas 2015 Conference,
18/08/2015 00:00:00,LyondellBasell Announces Sale of Argentina-based Petroken,
10/08/2015 00:00:00,LyondellBasell Announces Definitive Agreement to Acquire SJS Plastiblends,
29/07/2015 00:00:00,LyondellBasell to address Jefferies Annual Industrials Conference,
28/07/2015 00:00:00,LyondellBasell Reports Record Quarterly Results,
27/07/2015 00:00:00,LyondellBasell Board Authorizes Interim Dividend,
21/05/2015 00:00:00,LyondellBasell to address Deutsche Bank Global Industrials and Basic Materials Conference,
19/05/2015 00:00:00,LyondellBasell Announces Appointment of New Executive Vice President,
08/05/2015 00:00:00,LyondellBasell Announces New Share Repurchase Program and Increased Dividend,
05/05/2015 00:00:00,LyondellBasell to address 2015 Goldman Sachs Basic Materials Conference,
05/05/2015 00:00:00,LyondellBasell to address Barclays Americas Select Franchise Conference,
30/04/2015 00:00:00,LyondellBasell Celebrates Five Years As Public Company,
27/04/2015 00:00:00,LyondellBasell to Address 2015 Wells Fargo Industrial and Construction Conference,
24/04/2015 00:00:00,LyondellBasell Reports First-Quarter 2015 Results,
17/04/2015 00:00:00,LyondellBasell to Host Investor Day 2015,
24/03/2015 00:00:00,LyondellBasell to Expand Production Capacity of Tri-ethylene Glycol,
20/03/2015 00:00:00,LyondellBasell to Showcase New Products at the VDI Plastics In Automotive Engineering Conference - Weight Saving Made Easy With SAVE10,
27/02/2015 00:00:00,LyondellBasell Prices Public Offering of Senior Notes,
24/02/2015 00:00:00,LyondellBasell Announces Departure of Chief Financial Officer,
20/02/2015 00:00:00,"LyondellBasell to Address JP Morgan Aviation, Transportation & Industrials Conference",
19/02/2015 00:00:00,LyondellBasell Announces Appointment of New Chief Legal Officer,
18/02/2015 00:00:00,LyondellBasell Board Authorizes Interim Dividend,
03/02/2015 00:00:00,LyondellBasell Reports Record 2014 Earnings,
21/01/2015 00:00:00,"LyondellBasell to Discuss Fourth-Quarter Results on Tuesday, February 3",
20/01/2015 00:00:00,LyondellBasell Announces Expanded Roles for Three Senior Executives,
19/12/2014 00:00:00,PETRONAS Selects LyondellBasell Spherizone and Spheripol PP Technology for 900 KTA Malaysia Project,
25/11/2014 00:00:00,LyondellBasell to Address Bank of America Merrill Lynch 2014 Basic Materials Conference,
24/11/2014 00:00:00,LyondellBasell to Address Citi Basic Materials Conference,
12/11/2014 00:00:00,LyondellBasell Board Authorizes Interim Dividend,
11/11/2014 00:00:00,New Lupolen resin optimizes performance in extrusion process,
28/10/2014 00:00:00,LyondellBasell to Address Morgan Stanley Global Chemicals and Agriculture Conference,
24/10/2014 00:00:00,LyondellBasell Reports Record Third-Quarter 2014 Results,
17/10/2014 00:00:00,"LyondellBasell to Discuss Third-Quarter Results Friday, October 24",
29/09/2014 00:00:00,LyondellBasell Announces Retirement of CEO Jim Gallogly,
24/09/2014 00:00:00,LyondellBasell Evaluating Further Expansion At Channelview Site,
12/09/2014 00:00:00,LyondellBasell to Address Credit Suisse Basic Materials Conference,
25/08/2014 00:00:00,LyondellBasell to Build World Scale PO/TBA Plant on U.S. Gulf Coast,
13/08/2014 00:00:00,LyondellBasell Board Authorizes Interim Dividend,
07/08/2014 00:00:00,ORPIC Selects LyondellBasell Spheripol PP Technology for 300 KTA Liwa Plastics Project in Oman,
05/08/2014 00:00:00,LyondellBasell to Address Jefferies 2014 Global Industrials Conference,
25/07/2014 00:00:00,LyondellBasell Reports Second-Quarter 2014 Results,
30/06/2014 00:00:00,"LyondellBasell to Discuss Second-Quarter Results Friday, July 25",
03/06/2014 00:00:00,LyondellBasell Named Responsible Care® Company of the Year,
28/05/2014 00:00:00,LyondellBasell to Address Deutsche Bank Global Industrials & Basic Materials Conference,
13/05/2014 00:00:00,LyondellBasell to Address Goldman Sachs Basic Materials Conference,
13/05/2014 00:00:00,LyondellBasell Celebrates 15th Anniversary of Global Care Day,
02/05/2014 00:00:00,LyondellBasell North American Ethylene Expansion Program on Schedule,
01/05/2014 00:00:00,LyondellBasell to Address Wells Fargo 5th Annual Industrial & Construction Conference,
29/04/2014 00:00:00,LyondellBasell Reports First-Quarter 2014 Results,
17/04/2014 00:00:00,"LyondellBasell to Discuss First-Quarter Results Tuesday, April 29",
16/04/2014 00:00:00,LyondellBasell Announces Increase to Interim Dividend; New Share Repurchase Program,
05/03/2014 00:00:00,"LyondellBasell to Address JP Morgan Aviation, Transportation and Industrials Conference",
25/02/2014 00:00:00,LyondellBasell Prices Public Offering of Guaranteed Notes,
24/02/2014 00:00:00,LyondellBasell Adds Farley and Goren to Supervisory Board,
20/02/2014 00:00:00,LyondellBasell Board Authorizes Interim Dividend,
24/01/2014 00:00:00,"LyondellBasell to Discuss Fourth-Quarter, Full Year 2013 Results Jan. 31",
02/01/2014 00:00:00,LyondellBasell Restarts Methanol Plant at Channelview on Schedule,
19/12/2013 00:00:00,Information for U.S. Taxpayers,
18/12/2013 00:00:00,LyondellBasell Microthene Powders Receive Expanded FDA Food Contact Clearance,
04/12/2013 00:00:00,LyondellBasell to Address Bank of America Merrill Lynch Basic Materials Conference,
26/11/2013 00:00:00,LyondellBasell to Address Citi Basic Materials Conference,
25/11/2013 00:00:00,LyondellBasell Declares Interim Dividend,
22/11/2013 00:00:00,Lawyers Support Houston Firefighters with Pro Bono Wills,
13/11/2013 00:00:00,LyondellBasell Hifax Resin Helps Nissan Rogue Earn Top Innovation Award,
13/11/2013 00:00:00,LyondellBasell Board Authorizes Increase to Interim Dividend,
08/11/2013 00:00:00,LyondellBasell Grants Spherizone and Lupotech Licenses to Sinopec,
07/11/2013 00:00:00,LyondellBasell to Address Morgan Stanley Global Chemicals and Agriculture Conference,
31/10/2013 00:00:00,LyondellBasell Announces Offering of 15 Million Ordinary Shares by Selling Shareholders,
29/10/2013 00:00:00,LyondellBasell Reports Third-Quarter 2013 Results,
23/10/2013 00:00:00,LyondellBasell Introduces Gamma Sterilizable PP Resin for Healthcare Applications,
23/10/2013 00:00:00,LyondellBasell Introduces New Purell Resin for Collapsible Tubes,
21/10/2013 00:00:00,LyondellBasell Unveils a New Concept for Food Packaging,
17/10/2013 00:00:00,LyondellBasell to Discuss Third-Quarter 2013 Results Oct. 29,
16/10/2013 00:00:00,New LyondellBasell UHMW Resin to Help Component Parts Work Harder and Live Longer,
16/10/2013 00:00:00,LyondellBasell Introduces Two Hostalen Polyethylene Resins to Enhance Pipe Performance,
30/09/2013 00:00:00,LyondellBasell Opens Chemical Research Center in Houston,
27/09/2013 00:00:00,LyondellBasell Introduces Higher-Performance Resins for Rotomolding,
23/09/2013 00:00:00,LyondellBasell Declares Interim Dividend,
13/09/2013 00:00:00,"LyondellBasell Announces New Contract with CEO, Senior Executive Promotions and Formation of Executive Management Committee",
11/09/2013 00:00:00,LyondellBasell Adds Dicciani to Supervisory Board,
10/09/2013 00:00:00,LyondellBasell Board Authorizes Interim Dividend,
10/09/2013 00:00:00,LyondellBasell to Address Credit Suisse Chemical and Agricultural Science Conference,
04/09/2013 00:00:00,LyondellBasell Selling Shareholders Price Offering of Ordinary Shares,
06/08/2013 00:00:00,LyondellBasell to Address Jefferies Global Industrials Conference,
01/08/2013 00:00:00,LyondellBasell Selling Shareholders Price Offering of Ordinary Shares,
31/07/2013 00:00:00,LyondellBasell Announces Offering of 16.5 Million Ordinary Shares by Selling Shareholders,
26/07/2013 00:00:00,LyondellBasell Reports Second-Quarter 2013 Results,
19/07/2013 00:00:00,LyondellBasell to Discuss Second-Quarter Results July 26,
15/07/2013 00:00:00,LyondellBasell Raises Purity Benchmark of PG USP/EP to 99.9%,
11/07/2013 00:00:00,LyondellBasell Prices Public Offering of Senior Notes,
09/07/2013 00:00:00,<i>Hostacom</i> Aids Award Winning VIKING 4 Series lawn mower,
25/06/2013 00:00:00,LyondellBasell Grants Spherizone License to CNOOC for PP Plant in China,
05/06/2013 00:00:00,LyondellBasell to Address Deutsche Bank Global Industrials and Basic Materials Conference,
03/06/2013 00:00:00,LyondellBasell Declares Interim Dividend,
28/05/2013 00:00:00,LyondellBasell CFO to Address JP Morgan Diversified Industries Conference,
22/05/2013 00:00:00,LyondellBasell Announces Share Repurchase Program; Increase to Interim Dividend,
15/05/2013 00:00:00,LyondellBasell European Restructuring to Include HDPE Unit in Germany,
14/05/2013 00:00:00,LyondellBasell to Address Goldman Sachs Basic Materials Conference,
14/05/2013 00:00:00,LyondellBasell to Address Barclays Americas Select Franchise Conference,
01/05/2013 00:00:00,LyondellBasell CFO to Address Wells Fargo Industrial and Construction Conference,
30/04/2013 00:00:00,LyondellBasell to Address Barclays ROC Conference,
26/04/2013 00:00:00,LyondellBasell Reports First-Quarter 2013 Results,
19/04/2013 00:00:00,LyondellBasell to Discuss First-Quarter Results April 26,
11/04/2013 00:00:00,LyondellBasell Announces Plans for NGL Fractionation at Corpus Christi,
08/04/2013 00:00:00,LyondellBasell Volunteers to Assist Communities in 20 Countries for Annual Global Care Day of Community Service,
03/04/2013 00:00:00,LyondellBasell licenses Lupotech technologies for LDPE and EVA production to Jiangsu Shenghong Group,
21/03/2013 00:00:00,LyondellBasell grants second Spheripol license to OAO Nizhnekamskneftekhim,
13/03/2013 00:00:00,LyondellBasell Investor Day Highlights Plans to 'Seize the Moment',
25/02/2013 00:00:00,LyondellBasell Declares Interim Dividend,
14/02/2013 00:00:00,LyondellBasell Selling Shareholders Price Offering of Ordinary Shares,
13/02/2013 00:00:00,LyondellBasell Announces Offering of 25 Million Ordinary Shares by Selling Shareholders,
13/02/2013 00:00:00,LyondellBasell to Address Barclays Industrial Select Conference,
12/02/2013 00:00:00,LyondellBasell Board Authorizes Interim Dividend; Board to Seek Shareholder Approval for Share Repurchases,
15/01/2013 00:00:00,Information For U.S. Taxpayers,
10/12/2012 00:00:00,LyondellBasell Grants Spheripol PP License to PETRONAS,
05/12/2012 00:00:00,LyondellBasell Grants Lupotech T LDPE License to Reliance,
05/12/2012 00:00:00,LyondellBasell Selling Shareholders Price Offering of Ordinary Shares,
04/12/2012 00:00:00,LyondellBasell Announces Offering of 21 Million Ordinary Shares by Selling Shareholders,
30/11/2012 00:00:00,LyondellBasell Grants Second Lupotech T License to Shenhua,
20/11/2012 00:00:00,LyondellBasell to Address Citi Basic Materials Symposium,
14/11/2012 00:00:00,"LyondellBasell to Restore LDPE Capacity at Wesseling, Germany",
07/11/2012 00:00:00,LyondellBasell to Address Morgan Stanley Global Chemicals Conference,
06/11/2012 00:00:00,LyondellBasell Board Authorizes Interim Dividend,
02/11/2012 00:00:00,LyondellBasell Selling Shareholders Price Offering of Ordinary Shares,
01/11/2012 00:00:00,LyondellBasell Announces Offering of 20 Million Ordinary Shares by Selling Shareholders,
26/10/2012 00:00:00,LyondellBasell Board Authorizes $2.75 Special Dividend,
19/10/2012 00:00:00,LyondellBasell to Discuss Third-Quarter 2012 Results Oct. 26,
05/10/2012 00:00:00,City of Houston Honors LyondellBasell with CARE Award,
21/09/2012 00:00:00,LyondellBasell PP Applications Contribute to Award-Winning VW Interior,
14/09/2012 00:00:00,LyondellBasell Launches New Family of Fifth-Generation Polypropylene Catalysts,
05/09/2012 00:00:00,LyondellBasell's Selling Shareholders Price Offering of Ordinary Shares,
04/09/2012 00:00:00,LyondellBasell Added to the S&P 500 Index,
04/09/2012 00:00:00,LyondellBasell Announces Offering of Ordinary Shares by Selling Shareholders,
29/08/2012 00:00:00,LyondellBasell to Address Bank of America Merrill Lynch Global Industrials & Materials Conference,
28/08/2012 00:00:00,LyondellBasell Names Jackie Wolf SVP of Human Resources,
21/08/2012 00:00:00,LyondellBasell Board Authorizes Interim Dividend,
31/07/2012 00:00:00,LyondellBasell to Address Jefferies 2012 Global Industrial and A&D Conference,
20/07/2012 00:00:00,LyondellBasell to Discuss Second-Quarter 2012 Results on July 27,
09/07/2012 00:00:00,LyondellBasell grants largest Spheripol process technology license to ZapSibNeftekhim,
12/06/2012 00:00:00,LyondellBasell Awarded $4.5 Million Grant from DOE for Energy Innovations,
07/06/2012 00:00:00,LyondellBasell to Address Deutsche Bank Industrials and Basic Materials Conference,
31/05/2012 00:00:00,LyondellBasell Earns Award for Energy Conservation,
21/05/2012 00:00:00,LyondellBasell Declares Quarterly Dividend,
16/05/2012 00:00:00,LyondellBasell to Address Goldman Sachs Basic Materials Conference,
09/05/2012 00:00:00,LyondellBasell to Address Barclays Americas Select Franchise Conference,
09/05/2012 00:00:00,LyondellBasell Board Authorizes Dividend Increase of 60 Percent,
02/05/2012 00:00:00,LyondellBasell to Address Wells Fargo Industrial and Construction Conference,
26/04/2012 00:00:00,LyondellBasell to Address Barclays ROC Star Conference,
23/04/2012 00:00:00,Lyondell Chemical Company Announces Final Tender Offer Results For Its 8% Senior Secured Notes Due 2017 and 11% Senior Secured Notes Due 2018,
23/04/2012 00:00:00,LyondellBasell to Discuss First-Quarter 2012 Results on April 30,
09/04/2012 00:00:00,LyondellBasell Announces Completion of its Offering of $2.0 Billion of 5.000% Senior Notes Due 2019 and $1.0 Billion of 5.750% Senior Notes Due 2024,
05/04/2012 00:00:00,LyondellBasell Community Service Spans Five Continents for Global Care Day,
05/04/2012 00:00:00,Lyondell Chemical Company Announces Execution of Supplemental Indentures with Respect to its 8% Senior Secured Notes Due 2017 and 11% Senior Secured Notes Due 2018 and Expiration of Withdrawal Rights,
27/03/2012 00:00:00,LyondellBasell Prices $2.0 Billion of Senior Notes Due 2019 and $1.0 Billion of Senior Notes Due 2024,
26/03/2012 00:00:00,LyondellBasell Announces Senior Notes Offering,
12/03/2012 00:00:00,LyondellBasell Declares Quarterly Dividend,
29/02/2012 00:00:00,LyondellBasell Grants Lupotech T Process License to Samsung Total Petrochemicals,
29/02/2012 00:00:00,LyondellBasell Board Authorizes Quarterly Dividend,
22/02/2012 00:00:00,LyondellBasell Grants Lupotech T Process License to Shenhua,
15/02/2012 00:00:00,LyondellBasell to Address Barclays Industrial Select Conference,
03/02/2012 00:00:00,LyondellBasell to Discuss Fourth-Quarter and Full-Year 2011 Results on Feb. 10,
25/01/2012 00:00:00,LyondellBasell Grants Its Largest Hostalen ACP Process License to Chinese Company,
08/12/2011 00:00:00,LyondellBasell Highlights Strategy at Investor Day,
25/11/2011 00:00:00,LyondellBasell Declares Special Dividend; Quarterly Dividend,
22/11/2011 00:00:00,LyondellBasell to Host Investor Day,
22/11/2011 00:00:00,LyondellBasell to Address Citi's 4th Annual Basic Materials Symposium,
14/11/2011 00:00:00,LyondellBasell Announces Completion of Offering of $1.0 Billion of Senior Notes Due 2021,
14/11/2011 00:00:00,LyondellBasell Board Authorizes $4.50 Special Dividend and Raises Quarterly Dividend,
10/11/2011 00:00:00,Webcast Alert: LyondellBasell to Address the Morgan Stanley Global Chemicals Conference,
07/11/2011 00:00:00,Lyondell Chemical Announces Acceptance of Early Tenders for its 8% Senior Secured Notes Due 2017 and 11% Senior Secured Notes Due 2018,
04/11/2011 00:00:00,LyondellBasell Prices $1.0 Billion of Senior Notes Due 2021,
03/11/2011 00:00:00,Lyondell Announces Early Tender Offer Results and Receipt of Consents For Its 8% Senior Secured Notes Due 2017 and 11% Senior Secured Notes Due 2018,
21/10/2011 00:00:00,LyondellBasell to Discuss Third Quarter 2011 Results on Oct. 28,
21/10/2011 00:00:00,Lyondell Chemical Company Commences Tender Offer and Consent Solicitation for 8% Senior Secured Notes Due 2017 and 11% Senior Secured Notes Due 2018,
14/10/2011 00:00:00,Lyondell Extends Notes Exchange Offer,
11/10/2011 00:00:00,LyondellBasell Names Karyn Ovelmen CFO Following Retirement of Kent Potter,
27/09/2011 00:00:00,"LyondellBasell Finds No Buyer for Berre, France Refinery",
06/09/2011 00:00:00,LyondellBasell to Address the Credit Suisse 24th Annual Chemical & Ag Science Conference,
18/08/2011 00:00:00,LyondellBasell Declares Third Quarter Dividend,
04/08/2011 00:00:00,LyondellBasell to Address the Jefferies 2011 Global Industrial and A&D Conference,
26/07/2011 00:00:00,LyondellBasell to Discuss Second Quarter 2011 Results on July 29,
08/06/2011 00:00:00,LyondellBasell to Address the Deutsche Bank Global Industrials and Basic Materials Conference,
07/06/2011 00:00:00,LyondellBasell to Purchase Olefins Pipeline System,
06/06/2011 00:00:00,LyondellBasell Becomes An EPA ENERGY STAR® Partner,
06/06/2011 00:00:00,LyondellBasell Retains Barclays Capital for Refinery Offering,
03/06/2011 00:00:00,"LyondellBasell Names Timothy D. Roberts as Senior Vice President, Olefins and Polyolefins - Americas",
03/06/2011 00:00:00,LyondellBasell CFO to Address the J.P. Morgan 6th Annual Diversified Industries Conference,
31/05/2011 00:00:00,"LyondellBasell to Seek Buyer for Berre, France Refinery",
17/05/2011 00:00:00,LyondellBasell CFO to Address the Goldman Sachs Basic Materials Conference,
09/05/2011 00:00:00,LyondellBasell CEO to Address the Barclays Chemical ROC Stars Conference,
05/05/2011 00:00:00,LyondellBasell Adds Four Directors to Supervisory Board,
05/05/2011 00:00:00,LyondellBasell Shareholders Approve Dividend,
25/04/2011 00:00:00,LyondellBasell to Discuss First-Quarter 2011 Results on May 2,
25/04/2011 00:00:00,LyondellBasell Shareholders to Vote on Dividend,
07/04/2011 00:00:00,LyondellBasell Volunteers Make Worldwide Impact on Global Care Day,
30/03/2011 00:00:00,LyondellBasell to Exercise Bond Option,
29/03/2011 00:00:00,LyondellBasell Wins Top Safety Award from NPRA,
25/03/2011 00:00:00,LyondellBasell CEO Adopts 10b5-1 Trading Plan to Further His Charitable Giving Program,
21/02/2011 00:00:00,Audi Selects High-Performance Softell PP for its New Audi A 1 Model,
15/02/2011 00:00:00,LyondellBasell Updates Time to Discuss Fourth Quarter and Full Year 2010 Results on Feb. 18,
11/02/2011 00:00:00,LyondellBasell Updates Statement on Enterprise,
11/02/2011 00:00:00,LyondellBasell to Discuss Fourth Quarter and Full Year 2010 Results on Feb. 18,
09/02/2011 00:00:00,LyondellBasell Statement on Enterprise Fire,
22/12/2010 00:00:00,"LyondellBasell Sells Flavors and Fragrances Business to Pinova Holdings, Inc.",
06/12/2010 00:00:00,LyondellBasell Stock Achieves Automatic Conversion Provision,
02/12/2010 00:00:00,LyondellBasell Class B Stock Approaching Automatic Conversion Provision,
01/12/2010 00:00:00,LyondellBasell to Host Investor Day,
23/11/2010 00:00:00,LyondellBasell CFO to Address Citi Basic Materials Conference,
10/11/2010 00:00:00,LyondellBasell to Address the Bank of America Merrill Lynch Credit Conference,
08/11/2010 00:00:00,LyondellBasell Announces Management Changes for Olefins & Polyolefins,
25/10/2010 00:00:00,Moplen Polypropylene Significantly Improves Life Cycle Performance Of Meat Packaging,
22/10/2010 00:00:00,LyondellBasell Introduces New Polyethylene Resins to Address Expanding Cable Performance Requirements,
22/10/2010 00:00:00,Teleconference Alert: LyondellBasell to Review Third Quarter 2010 Financial Results,
14/10/2010 00:00:00,LyondellBasell Shares Begin Trading on NYSE,
08/10/2010 00:00:00,LyondellBasell Shares Approved for Listing on NYSE,
23/09/2010 00:00:00,LyondellBasell Expands Process and Product Performance of Spherizone Polypropylene Technology Plant in Italy,
14/09/2010 00:00:00,Pucheng Selects Spheripol Process Technology for New 400 KT Per Year Polypropylene Plant in China,
10/09/2010 00:00:00,Webcast Alert: LyondellBasell CEO to Address Credit Suisse 23rd Annual Chemical and Ag Science Conference,
31/08/2010 00:00:00,LyondellBasell New-generation PP Resin Selected for Rainwater Management System at Berlin Airport,
26/08/2010 00:00:00,"LyondellBasell Starts up New Hostalen ACP HDPE Plant in Münchsmünster, Germany",
24/08/2010 00:00:00,LyondellBasell Adds New Lupolen Black Pre-colored Resins to its Family of Grades Used in Rotomolding,
11/08/2010 00:00:00,Teleconference Alert: LyondellBasell Reviews Second Quarter 2010 Financial Results,
10/08/2010 00:00:00,Sergey Vasnetsov Named Senior Vice President Strategic Planning and Transactions,
02/08/2010 00:00:00,Stephen F. Cooper Elected to LyondellBasell Supervisory Board,
21/07/2010 00:00:00,PolyMirae Launches New Hostalen Polypropylene Homopolymer for Use in Industrial Sheet Applications,
01/07/2010 00:00:00,LyondellBasell Restarts Refinery Unit,
20/05/2010 00:00:00,LyondellBasell Update on Refining Operations,
30/04/2010 00:00:00,LyondellBasell Emerges from Chapter 11 Protection,
29/04/2010 00:00:00,Teleconference Alert: LyondellBasell Reviews First Quarter 2010 Financial Results,
23/04/2010 00:00:00,LyondellBasell Reorganization Plan Confirmed by Bankruptcy Court,
22/04/2010 00:00:00,LyondellBasell Receives Two Prestigious Awards from Toyota in Europe,
25/03/2010 00:00:00,LyondellBasell to License Trans4m Range of Olefins Recovery and Conversion Technologies,
25/03/2010 00:00:00,"LyondellBasell Prices Senior Secured Notes Offering of Approximately $2,750 Million",
22/03/2010 00:00:00,Opel Selects High-Performance Softell PP for its New Astra Model,
22/03/2010 00:00:00,"LyondellBasell Names Bob Patel as Senior Vice President, Olefins and Polyolefins - Americas",
18/03/2010 00:00:00,LyondellBasell Launches New LDPE with Improved Stiffness for Enhanced High Visual Impact Film,
12/03/2010 00:00:00,"Lyondell Chemical to Pursue $3,250 Million of First Priority Debt Financing",
12/03/2010 00:00:00,LyondellBasell Announces Receipt of U.S. Bankruptcy Court Approval of Significant Steps in its Chapter 11 Proceedings,
25/02/2010 00:00:00,LyondellBasell Preparing to Stop PP Production in Terni,
16/02/2010 00:00:00,LyondellBasell Announces Settlement of Intercreditor Dispute,
09/02/2010 00:00:00,PolyMirae Launches New Hostalen Polypropylene Random Copolymer for Use in Hot and Cold Water Pipe Applications,
04/02/2010 00:00:00,LyondellBasell to Showcase Benchmark Products at VDI’s Plastics in Automotive Engineering Conference in Germany,
25/01/2010 00:00:00,Teleconference Alert: LyondellBasell Reviews December 2009 Financial Results,
18/01/2010 00:00:00,LyondellBasell Achieves Production Milestone of Two Million Tonnes of Multimodal HDPE in Europe,
15/01/2010 00:00:00,LyondellBasell Launches New-generation PP Resin for Innovative Rainwater Management Solutions,
13/01/2010 00:00:00,LyondellBasell Launches New Metocene Resin For Use in Cosmetics Packaging,
11/01/2010 00:00:00,Moplen Resin Replaces Steel in Leading Industrial Cleaning Equipment,
07/01/2010 00:00:00,Teleconference Alert: LyondellBasell Reviews November 2009 Financial Results,
24/12/2009 00:00:00,"LyondellBasell Announces Substantial Creditor Support for Its Reorganization Plan, Entry Into Agreement to Backstop Rights Offering and Proposed Settlement of Litigation Against Its Prepetition Lenders",
11/12/2009 00:00:00,LyondellBasell Launches New High-performance Lupolen Resin for Use in Injection Molding,
30/11/2009 00:00:00,Teleconference Alert: LyondellBasell Reviews October 2009 Financial Results,
21/11/2009 00:00:00,LyondellBasell Statement on Reliance Industries,
06/11/2009 00:00:00,LyondellBasell’s New Purell Resin Expands the Boundaries of LDPE Properties,
04/11/2009 00:00:00,LyondellBasell Launches New PP Compound Used in Pipe Coating for Flexible Off-shore Pipelines,
30/10/2009 00:00:00,Teleconference Alert: LyondellBasell Reviews September 2009 Financial Results,
27/10/2009 00:00:00,Al-Waha Starts up New Propane Dehydrogenation Unit and Largest Spherizone Polypropylene Plant,
21/10/2009 00:00:00,LyondellBasell Launches New High-performance Lupolen Resin for Use in Blown Film,
02/10/2009 00:00:00,Teleconference Alert: LyondellBasell Reviews August 2009 Financial Results,
24/09/2009 00:00:00,Stylepark Selects LyondellBasell’s Pristene Resins for its New Material Edition,
18/09/2009 00:00:00,Starflex Metallocene Polyethylene Resins Expand Portfolio for Blown and Cast Film Applications,
15/09/2009 00:00:00,"LyondellBasell to Close LDPE Unit at Carrington, U.K.",
01/09/2009 00:00:00,LyondellBasell Launches New High-Performance Lupolen Resins used in Rotomolding,
31/08/2009 00:00:00,LyondellBasell to Increase Prices on its PE and PP Products in Europe,
21/08/2009 00:00:00,Equistar to Add Feedstock Flexibility at Corpus Christi,
21/08/2009 00:00:00,Lyondell to Discontinue Direct Deicer Sales,
13/08/2009 00:00:00,Lyondell to Restart PO/SM Unit at Channelview,
13/08/2009 00:00:00,"폴리미래, 고투명. 식품포장용  PP제품 출시",
13/08/2009 00:00:00,PolyMirae Offers New Highly Transparent Polypropylene used in Food Contact Applications,
05/08/2009 00:00:00,LyondellBasell Names Craig Glidden as Chief Legal Officer,
03/08/2009 00:00:00,Teleconference Alert: LyondellBasell Reviews June 2009 Financial Results,
28/07/2009 00:00:00,LyondellBasell to Increase PP Prices in Europe August 1,
23/07/2009 00:00:00,LyondellBasell Names Kent Potter as CFO,
26/06/2009 00:00:00,LyondellBasell to increase PP prices in Europe July 1,
25/06/2009 00:00:00,Teleconference Alert: LyondellBasell Reviews May 2009 Financial Results,
23/06/2009 00:00:00,LyondellBasell Extends Chocolate Bayou Polymers Production,
15/06/2009 00:00:00,LyondellBasell Concentrates its Distribution Network in UK on Brenntag,
03/06/2009 00:00:00,LyondellBasell Inaugura Em 2009 Uma Unidade de Bio-ETBE Em Channelview,
03/06/2009 00:00:00,LyondellBasell to Start Bio-ETBE Unit at Channelview in 2009,
28/05/2009 00:00:00,New Alathon Film Resins Expand Portfolio used in Film and Food Packaging Applications,
27/05/2009 00:00:00,LyondellBasell to Feature Polyolefin Innovations at NPE2009 Educational Sessions,
18/05/2009 00:00:00,New strategic polyolefins distribution platform to serve fast-growing market in Turkey,
14/05/2009 00:00:00,LyondellBasell to showcase its industry-leading technologies and world-class production assets at Chinaplas 2009,
14/05/2009 00:00:00,LyondellBasell Employees Conduct Community Projects for 10th Annual Global Care Day,
08/05/2009 00:00:00,LyondellBasell Adds Non-Operating Entities to Chapter 11,
07/05/2009 00:00:00,LyondellBasell to Cease Polymers Production at Chocolate Bayou,
01/05/2009 00:00:00,Teleconference Alert: LyondellBasell Reviews March 2009 Financial Results,
29/04/2009 00:00:00,LyondellBasell named as a Top 10 Supplier by Ashland China,
24/04/2009 00:00:00,LyondellBasell Adds Holding Company to Chapter 11 Protection,
08/04/2009 00:00:00,LyondellBasell Increases Fixed-Cost Reduction Target to $700 Million and Initiates Development of Plan of Reorganization,
08/04/2009 00:00:00,Teleconference Alert: LyondellBasell Reviews Early 2009 Financial Results,
07/04/2009 00:00:00,Frost & Sullivan Honours LyondellBasell with Customer Value Enhancement Award,
02/04/2009 00:00:00,LyondellBasell Preparing to Reduce LDPE Production in France,
31/03/2009 00:00:00,LyondellBasell Receives Safety Award from Union Pacific,
24/03/2009 00:00:00,LyondellBasell to Close Chocolate Bayou Olefins,
23/03/2009 00:00:00,LyondellBasell’s Hostalen ACP technology for high-performance HDPE available for license,
17/03/2009 00:00:00,Ford breaks new ground with all-polypropylene body panels produced using LyondellBasell’s Hifax compounded resin,
28/02/2009 00:00:00,Court Approves Terms of LyondellBasell's DIP Financing,
26/02/2009 00:00:00,Court Injunction Protects LyondellBasell AF,
20/02/2009 00:00:00,LyondellBasell to showcase new products at VDI’s Plastics in Automotive Engineering conference,
19/02/2009 00:00:00,King Abdullah University for Science and Technology and LyondellBasell sign memorandum of understanding,
17/02/2009 00:00:00,Magic Vac introduces customers to cost and performance benefits of thermoformed trailer caps made using TPO sheet and ceramic tooling,
16/02/2009 00:00:00,New PE-RT resin completes portfolio used in hot water pipe applications,
12/02/2009 00:00:00,Equistar Announces Long-Term Idling of Chocolate Bayou Olefins Plant,
11/02/2009 00:00:00,"LyondellBasell to temporarily idle LDPE units at Carrington, UK and Fos-sur-Mer, France",
10/02/2009 00:00:00,"Court Enters Temporary Restraining Order Restricting Actions Against Lyondell Chemical Company's Non-Debtor Affiliate, LyondellBasell Industries AF S.C.A., or Any of Its Other Non-Debtor Affiliates",
05/02/2009 00:00:00,Equistar to reduce workforce at Beaumont plant,
30/01/2009 00:00:00,LyondellBasell first polyolefins supplier to establish a dedicated global business team for healthcare applications,
30/01/2009 00:00:00,LyondellBasell to showcase industry-leading capabilities at Plastindia 2009,
28/01/2009 00:00:00,LyondellBasell to increase PE prices in Europe,
22/01/2009 00:00:00,Key pipe converters promote company standard for LyondellBasell’s Akoafloor resin used in low-temperature pipe heating installations in China,
15/01/2009 00:00:00,Equistar to Restart Olefins Unit,
08/01/2009 00:00:00,LyondellBasell Receives Court Approval of First-Day Employee and Administrative Motions and Interim Use of $3.682 Billion in Debtor-in-Possession Financing to Support Normal Operations,
06/01/2009 00:00:00,New single-site catalyst boosts process performance of LyondellBasell’s Metocene PP technology,
06/01/2009 00:00:00,LyondellBasell’s U.S. Operations and one of its European Holding Companies File Chapter 11 to Restructure Balance Sheet,
30/12/2008 00:00:00,Statement From LyondellBasell Related to Standard & Poor's Press Release,
18/12/2008 00:00:00,Equistar to Temporarily Idle Second Olefins Unit,
18/12/2008 00:00:00,LyondellBasell to increase PE prices in Europe,
18/12/2008 00:00:00,LyondellBasell to showcase its leading petrochemical capabilities at Interplastica in Moscow,
16/12/2008 00:00:00,"LyondellBasell starts up new PP Compounding Plant in Nansha, China",
01/12/2008 00:00:00,LyondellBasell to license expanded range of chemical technologies,
18/11/2008 00:00:00,"Webcast Alert: LyondellBasell Vice President, Investor Relations to Address Bank of America 2008 Credit Conference",
13/11/2008 00:00:00,Webcast Alert: LyondellBasell Announces Third-Quarter 2008 Earnings Teleconference,
28/10/2008 00:00:00,Koattro new family of plastomers enhances performance of polypropylene used in elastic applications,
23/10/2008 00:00:00,LyondellBasell launches new Hostalen ACP resin that offers advantages in blow molding applications,
21/10/2008 00:00:00,"LyondellBasell launches ultra-high clarity, low-melt flow propylene-based copolymer for extrusion blow molding under new Pristene product line",
09/10/2008 00:00:00,Kosche Achieves Exceptional Performance Benefits in Wood-Plastic Composites Produced Using LyondellBasell's Lupolen HDPE,
07/10/2008 00:00:00,LyondellBasell Launches New-Generation PE Adhesive Resin used in Steel Pipe External Coatings,
26/09/2008 00:00:00,"LyondellBasell Refinery, Most Gulf Coast Plants, Return to Operation",
22/09/2008 00:00:00,LyondellBasell Cautions Recipients of Fraudulent E-mails,
15/09/2008 00:00:00,LyondellBasell Activates its Disaster Relief Fund,
15/09/2008 00:00:00,LyondellBasell Assessing Impact from Hurricane Ike,
08/09/2008 00:00:00,"LyondellBasell, Government of Trinidad and Tobago, NGC, NEC and Lurgi Have Signed a Project Development Agreement for Integrated Polypropylene Complex",
04/09/2008 00:00:00,LyondellBasell Achieves New Clarity Levels With Metallocene-Based Polymers in Injection Molding Applications,
03/09/2008 00:00:00,LyondellBasell Launches New HDPE Resins With Improved Resistance to Bio-Diesel Fuels,
22/08/2008 00:00:00,LyondellBasell's World-Class PE and PP Technologies Selected by Kazakhstan Petrochemical Industries,
12/08/2008 00:00:00,Webcast Alert: LyondellBasell Announces Second-Quarter 2008 Earnings Teleconference,
06/08/2008 00:00:00,LyondellBasell Grants Spheripol PP Technology License to SABIC Affiliate for a 525 KT Plant,
06/08/2008 00:00:00,"Highly clarified, high flow polypropylene grades from PolyMirae offer customers cost-saving potential",
01/08/2008 00:00:00,"LyondellBasell Industries Subsidiary Sells Its Sarnia, Ontario, Site to Shell",
29/07/2008 00:00:00,LyondellBasell Starts up New PP Compounding Plant in Mexico,
25/07/2008 00:00:00,LyondellBasell Aromatics Extraction License Granted to Linhuan Coking Company,
17/07/2008 00:00:00,LyondellBasell to increase prices on its PP compounds in Asia Pacific,
16/07/2008 00:00:00,LyondellBasell to Increase Prices on Its Catalloy Process Resins in Europe,
30/06/2008 00:00:00,LyondellBasell to Increase PP Prices in Europe,
27/06/2008 00:00:00,LyondellBasell to Increase PE Prices in Europe,
27/06/2008 00:00:00,"LyondellBasell Industries Subsidiary to Stop Producing LDPE at its Pasadena, Texas, Facility",
24/06/2008 00:00:00,LyondellBasell in Australia wins 2008 PACIA Health & Safety Award for its Geelong plant shutdown project,
18/06/2008 00:00:00,LyondellBasell to Boost Its Global Polypropylene Compounding Capabilities by More Than 30 Percent by End of 2009,
16/06/2008 00:00:00,Sequel E3000 saves cost and weight by replacing metal stampings in cab of Wolverine ATV,
05/06/2008 00:00:00,LyondellBasell Announces Plan to Consolidate Polypropylene Compounding and Business Locations in North America,
03/06/2008 00:00:00,LyondellBasell in Australia inducted into Victorian Manufacturing Hall of Fame,
26/05/2008 00:00:00,LyondellBasell to increase PE prices in Europe June 1,
23/05/2008 00:00:00,LyondellBasell to increase PP prices in Europe June 1,
20/05/2008 00:00:00,LyondellBasell’s polybutene-1 resin sets new standards in masterbatch performance,
16/05/2008 00:00:00,Webcast Alert: LyondellBasell Announces First-Quarter 2008 Earnings Teleconference,
08/05/2008 00:00:00,New family of PB-1 resins enhances performance in surface heating and cooling pipe systems,
05/05/2008 00:00:00,"LyondellBasell to Stop Producing Polypropylene at its Morris, Illinois Plant",
02/05/2008 00:00:00,"LyondellBasell to showcase its world-class polyolefins capabilities at Plastex in Brno, Czech Rep",
29/04/2008 00:00:00,LyondellBasell Houston Refinery Restarts Unit,
23/04/2008 00:00:00,LyondellBasell’s world-class HDPE plant achieves one million tonnes milestone,
15/04/2008 00:00:00,FIAT selects LyondellBasell’s high-performance Hostacom PP for its new 500 “European Car of the Year,
15/04/2008 00:00:00,LyondellBasell in Australia signs Sustainability Covenant with EPA Victoria and PACIA,
09/04/2008 00:00:00,"LyondellBasell to highlight leadership, innovation and collaboration at its Chinaplas 2008 exhibit",
01/04/2008 00:00:00,LyondellBasell Cloture la transaction d’achat d’une raffinerie en France,
01/04/2008 00:00:00,LyondellBasell Completes Refinery Purchase in France,
31/03/2008 00:00:00,LyondellBasell's Spheripol technology selected by SunAllomer,
21/03/2008 00:00:00,LyondellBasell Announces Unscheduled Refinery Maintenance,
06/03/2008 00:00:00,Webcast Alert: LyondellBasell Vice President of Investor Relations to Address the Lehman Brothers 2008 High Yield Bond and Syndicated Loan Conference,
05/03/2008 00:00:00,Unilever selects LyondellBasell’s new Clyrell PP resin for its ice cream packaging,
29/02/2008 00:00:00,"LyondellBasell Completes Acquisition of Solvay Engineered Polymers, Inc.",
28/02/2008 00:00:00,A Metocene resin from LyondellBasell sets new standards in PP microfibre performance,
19/02/2008 00:00:00,LyondellBasell helps Container Corp. of Canada launch breakthrough ISBM containers,
13/02/2008 00:00:00,"LyondellBasell to stop HMS PP production in Varennes, Quebec in April 2008",
07/02/2008 00:00:00,LyondellBasell opens new sales office in Slovakia,
31/01/2008 00:00:00,New Purell polypropylene resins from LyondellBasell,
18/01/2008 00:00:00,First LyondellBasell license granted for innovative Spherizone technology to PetroChina,
08/01/2008 00:00:00,LyondellBasell to showcase its leading polyolefins capabilities at Interplastica in Moscow,
01/01/2008 00:00:00,"LyondellBasell Industries to increase PE and PP prices in Europe on January 1, 2008",
20/12/2007 00:00:00,Basell and Lyondell Complete Merger Creating LyondellBasell Industries,
12/11/2002 00:00:00,"New PP Resin Provides Outstanding Clarity and Toughness for Pharmaceutical, HIC and Food Packaging",
17/09/2002 00:00:00,Equistar Chemicals and Procter & Gamble Sign Licensing and Collaboration Agreement for New Catalyst Technology for Elastomers,
08/08/2002 00:00:00,Lyondell Chemical Expands Product Offering and Strengthens Market Position,
15/05/2002 00:00:00,CD Provides Comprehensive Overview of MPDiol Glycol for Personal Care Formulations,
06/05/2002 00:00:00,Lyondell/Equistar Highlight Key Products for Personal Care Market at SCC Supplier's Day,
05/11/2001 00:00:00,LYONDELL TO HIGHLIGHT NOVEL RESINS AT ICE 2001,
05/11/2001 00:00:00,Lyondell Commercializes Zero-VOC Liquid Acrylic Polyol; Announces Plans for New Resin System,
14/05/2001 00:00:00,Lyondell To Construct Deicer Test Lab,
23/02/2001 00:00:00,Comprehensive Deicing Info Available 24/7 at Deicers.com,
