Ticker,Name,Website,DNBExchange,DNBTicker,NaicsSector,NaicsIndustry,KeyPrincipal,DetailLink,Description
07/27/2023 00:00:00,"Mobileye Discloses Second Quarter 2023 Results, Updates Guidance and Provides Business Update",
07/18/2023 00:00:00,Mobileye Launches the First Camera-Only Intelligent Speed Assist to Meet New EU Standards,
07/12/2023 00:00:00,Mobileye Announces Timing of its Second Quarter 2023 Results,
06/26/2023 00:00:00,Mobileye Announces CFO Transition,
06/07/2023 00:00:00,Mobileye Announces Pricing of Secondary Offering of Shares of Class A Common Stock,
06/05/2023 00:00:00,Mobileye Announces Secondary Offering of Shares of Class A Common Stock,
05/09/2023 00:00:00,Porsche and Mobileye Announce Collaboration,
04/27/2023 00:00:00,"Mobileye Discloses First Quarter 2023 Results, Updates 2023 Guidance and Provides Business Update",
04/12/2023 00:00:00,Mobileye Announces Timing of its First Quarter 2023 Results,
03/21/2023 00:00:00,Mobileye Announces Participation in Upcoming Second Quarter 2023 Investor Conferences,
03/02/2023 00:00:00,Mobileye named AV leader by two industry research groups,
02/23/2023 00:00:00,"The unwritten rules of the road, codified in RSS",
02/06/2023 00:00:00,Defining a new taxonomy for consumer autonomous vehicles,
02/02/2023 00:00:00,Mobileye Announces Participation in Upcoming Investor Conferences,
01/26/2023 00:00:00,Mobileye Discloses Fourth-Quarter and Full-Year 2022 Results and Business Update,
01/12/2023 00:00:00,Mobileye Announces Timing of its Fourth Quarter and Full Year 2022 Results,
01/05/2023 00:00:00,Mobileye Growth Pipeline Fueled with SuperVision and Future AV Wins,
01/04/2023 00:00:00,Mobileye and WNC Collaborate on Imaging Radar Production,
12/21/2022 00:00:00,Mobileye Announces CES 2023 Press Conference with Prof. Amnon Shashua,
12/07/2022 00:00:00,Mobileye Discloses Third Quarter 2022 Results and Business Update,
11/22/2022 00:00:00,Enhanced computer vision for more-advanced driver assistance,
11/13/2022 00:00:00,ZEEKR 009 is Next in Line for Mobileye SuperVision™,
11/01/2022 00:00:00,Mobileye Announces Full Exercise of Underwriters’ Option to Purchase Additional Shares,
10/25/2022 00:00:00,Mobileye Announces Pricing of Initial Public Offering,
10/23/2022 00:00:00,Pedestrian Safety Month: Protection Begins with Detection,
09/26/2022 00:00:00,Geely Holding Group Expands Mobileye Collaboration,
09/06/2022 00:00:00,Level 4 Autonomy Now Testing in Detroit with Mobileye Drive™,
08/23/2022 00:00:00,"General Safety Regulation Mandates Intelligent Speed Assist, Mobileye Stands Ready",
08/12/2022 00:00:00,Mobileye SuperVision™ Put to the Test in Transcontinental Road Trip,
07/28/2022 00:00:00,Mobileye Reports Q2 2022 Financial Results,
07/26/2022 00:00:00,Mobileye and Zeekr OTA Update Opens a New Chapter in Advanced Driver Assist,
07/21/2022 00:00:00,Prof. Shashua Receives Mobility Innovator Award from Automotive Hall of Fame,
07/04/2022 00:00:00,EyeQ Kit™ Unlocks the Power of Our System-on-Chip,
06/21/2022 00:00:00,Cloud-Enhanced Driver-Assist™ Takes ADAS to the Next Level,
05/30/2022 00:00:00,"Autonomous Vehicle Technology: Everywhere, in Every Way, for Everyone",
05/25/2022 00:00:00,Meet EyeQ®6: Our Most Advanced Driver-Assistance Chips Yet,
04/26/2022 00:00:00,Mobileye Autonomous Vehicles Reach the Streets of Miami and Stuttgart,
04/12/2022 00:00:00,Mobileye AVs Now Driving with Full Sensing Suite,
04/11/2022 00:00:00,Robotaxi Night Drive Demonstrates Full Sensing Suite in Action,
03/27/2022 00:00:00,"Virtual racing and automotive safety technology have more in common than you might think. Presenting the Mobileye GT World Challenge Esports Championships. If you had to choose two of the most pivotal innovations in modern history, what would they be? For us here at Mobileye, they’d surely be the",
01/10/2022 00:00:00,Mobileye Tech Takes Center Stage at CES 2022,
01/06/2022 00:00:00,Mobileye’s ‘Under the Hood’ (Replay),
01/05/2022 00:00:00,Mobileye’s Self-Driving Secret? 200PB of Data,
01/05/2022 00:00:00,Discover the Latest Vehicles Driven by Mobileye™,
01/04/2022 00:00:00,New Mobileye EyeQ Ultra will Enable Consumer AVs,
01/04/2022 00:00:00,CES: Top Automakers Double-Down on Mobileye,
01/04/2022 00:00:00,"CES: Mobileye, Zeekr Collaborate on Consumer AV",
01/02/2022 00:00:00,Join Us Online at CES 2022,
12/16/2021 00:00:00,Mobileye Autonomous Cars Piloting in Paris,
09/07/2021 00:00:00,Mobileye and SIXT Plan New Robotaxi Service,
05/18/2021 00:00:00,ZF and Mobileye Safety Technology Chosen by Toyota,
02/28/2021 00:00:00,The crucial differences between AV Maps and HD Maps,
02/25/2021 00:00:00,"Mobileye, Transdev ATS and Lohr Group to Develop AV Shuttles",
01/11/2021 00:00:00,"CES 2021: Mobileye Innovation Will Bring AVs to Everyone, Everywhere",
12/15/2020 00:00:00,Mobileye AVs Can Go Anywhere in Germany,
09/23/2020 00:00:00,"Mobileye, Geely to Offer Most Robust Driver-Assistance Features",
09/23/2020 00:00:00,Why the Geely Auto Group Win is a Game Changer,
07/20/2020 00:00:00,Mobileye and Ford Announce High-Volume Agreement for ADAS in Global Vehicles,
07/19/2020 00:00:00,Fact Sheet: Mobileye Advanced Driver-Assistance Systems (ADAS),
07/16/2020 00:00:00,Mobileye Starts Testing Self-Driving Vehicles in Germany,
